City_ID,City,Country,Date,Lat,Lng,Max Temp,Humidity,Cloudiness,Wind Speed
0,Port Alfred,ZA,2022-01-31 04:44:32,-33.5906,26.891,74.32,84,100,11.79
1,Xocali,AZ,2022-01-31 04:44:33,39.913,46.7903,36.48,51,2,5.48
2,Magole,TZ,2022-01-31 04:44:33,-6.3667,37.3667,72.72,94,99,1.45
3,Le Port,RE,2022-01-31 04:44:34,-20.9373,55.2919,84.16,66,65,1.1
4,Rach Gia,VN,2022-01-31 04:44:34,10.0167,105.0833,85.95,52,6,10.25
5,Castro,BR,2022-01-31 04:44:35,-24.7911,-50.0119,62.53,99,100,5.82
6,Samarai,PG,2022-01-31 04:44:35,-10.6167,150.6667,83.55,72,100,20.98
7,Ushuaia,AR,2022-01-31 04:44:36,-54.8,-68.3,44.26,70,40,8.05
8,Anadyr,RU,2022-01-31 04:44:36,64.75,177.4833,-12.5,75,0,4.47
9,Rikitea,PF,2022-01-31 04:39:59,-23.1203,-134.9692,77.38,64,100,5.79
10,Bathsheba,BB,2022-01-31 04:44:37,13.2167,-59.5167,77.61,78,75,14.97
11,Sarangani,PH,2022-01-31 04:44:37,5.4033,125.4636,82.2,76,98,16.26
12,Dikson,RU,2022-01-31 04:44:37,73.5069,80.5464,-4.04,94,100,22.44
13,Tasiilaq,GL,2022-01-31 04:44:38,65.6145,-37.6368,4.23,60,100,6.15
14,Faanui,PF,2022-01-31 04:44:39,-16.4833,-151.75,80.78,71,3,9.13
15,Taltal,CL,2022-01-31 04:44:39,-25.4,-70.4833,64.31,81,11,1.68
16,Blythe,US,2022-01-31 04:44:39,33.6103,-114.5964,61.25,9,0,0.0
17,New Norfolk,AU,2022-01-31 04:44:40,-42.7826,147.0587,85.91,30,0,3.0
18,Chuy,UY,2022-01-31 04:42:53,-33.6971,-53.4616,68.32,89,0,8.57
19,Juruti,BR,2022-01-31 04:44:40,-2.1522,-56.0922,72.97,95,84,3.31
20,Avarua,CK,2022-01-31 04:44:41,-21.2078,-159.775,77.05,83,20,6.91
21,Jamestown,US,2022-01-31 04:42:36,42.097,-79.2353,11.71,92,0,3.44
22,Talnakh,RU,2022-01-31 04:44:41,69.4865,88.3972,-14.15,92,88,9.44
23,Chadan,RU,2022-01-31 04:44:42,51.2833,91.5833,-16.69,94,34,2.35
24,Bilibino,RU,2022-01-31 04:44:42,68.0546,166.4372,-9.38,96,79,4.76
25,Tiznit,MA,2022-01-31 04:44:43,29.5833,-9.5,60.13,39,78,16.02
26,Bambous Virieux,MU,2022-01-31 04:43:22,-20.3428,57.7575,83.21,89,75,12.66
27,Caravelas,BR,2022-01-31 04:44:43,-17.7125,-39.2481,77.36,87,64,8.66
28,Hasaki,JP,2022-01-31 04:44:44,35.7333,140.8333,50.29,28,29,6.31
29,Ancud,CL,2022-01-31 04:44:44,-41.8697,-73.8203,46.42,81,15,4.47
30,Constitucion,CL,2022-01-31 04:42:26,-35.3333,-72.4167,58.23,70,0,9.89
31,Albany,US,2022-01-31 04:44:28,42.6001,-73.9662,10.4,64,23,2.86
32,Hambantota,LK,2022-01-31 04:44:45,6.1241,81.1185,80.94,89,20,4.61
33,Tura,IN,2022-01-31 04:44:46,25.5198,90.2201,67.5,36,1,4.0
34,Punta Arenas,CL,2022-01-31 04:43:54,-53.15,-70.9167,48.31,71,40,19.57
35,Elizabethtown,US,2022-01-31 04:44:46,37.694,-85.8591,29.98,74,0,0.0
36,Saskylakh,RU,2022-01-31 04:44:47,71.9167,114.0833,-24.77,100,94,2.89
37,Zhanaozen,KZ,2022-01-31 04:44:47,43.3,52.8,37.9,65,98,14.23
38,Nemuro,JP,2022-01-31 04:44:47,43.3236,145.575,19.83,46,25,15.95
39,Westport,US,2022-01-31 04:41:26,41.1415,-73.3579,25.45,67,0,1.99
40,Hilo,US,2022-01-31 04:44:48,19.7297,-155.09,73.13,76,0,3.44
41,Hobart,AU,2022-01-31 04:40:18,-42.8794,147.3294,86.27,55,20,1.01
42,Mataura,NZ,2022-01-31 04:44:04,-46.1927,168.8643,73.87,57,92,4.94
43,Bluff,NZ,2022-01-31 04:44:49,-46.6,168.3333,63.14,84,96,3.38
44,Verkhovazhye,RU,2022-01-31 04:44:50,60.7472,42.0465,1.6,99,100,4.59
45,Ostrovnoy,RU,2022-01-31 04:45:50,68.0531,39.5131,6.12,95,85,8.95
46,Kapaa,US,2022-01-31 04:45:50,22.0752,-159.319,75.52,72,0,1.01
47,Moree,AU,2022-01-31 04:45:51,-29.4667,149.85,95.02,38,75,8.05
48,Aykhal,RU,2022-01-31 04:45:51,66.0,111.5,-18.54,99,54,4.47
49,Anandnagar,IN,2022-01-31 04:45:52,27.1,83.2833,64.98,56,0,6.26
50,Kahului,US,2022-01-31 04:45:53,20.8947,-156.47,78.06,66,0,12.66
51,Kudahuvadhoo,MV,2022-01-31 04:44:07,2.6708,72.8944,82.27,74,6,13.04
52,Ribeira Grande,PT,2022-01-31 04:44:49,38.5167,-28.7,59.5,72,40,23.22
53,Bredasdorp,ZA,2022-01-31 04:44:19,-34.5322,20.0403,72.28,83,100,8.05
54,Victoria,HK,2022-01-31 04:45:44,22.2855,114.1577,59.32,73,96,1.99
55,Cape Town,ZA,2022-01-31 04:43:49,-33.9258,18.4232,70.21,78,0,1.99
56,Vaini,TO,2022-01-31 04:45:54,-21.2,-175.2,81.45,70,100,15.82
57,Hithadhoo,MV,2022-01-31 04:45:54,-0.6,73.0833,82.47,70,6,10.71
58,Kwekwe,ZW,2022-01-31 04:45:54,-18.9281,29.8149,63.55,87,75,4.34
59,Northam,GB,2022-01-31 04:45:55,51.0333,-4.2167,46.62,78,78,25.77
60,Tigre,AR,2022-01-31 04:45:55,-34.426,-58.5796,78.06,67,0,4.61
61,Seoul,KR,2022-01-31 04:44:15,37.5683,126.9778,38.8,33,0,3.44
62,Barrow,US,2022-01-31 04:45:02,71.2906,-156.7887,-5.78,77,20,11.5
63,Busselton,AU,2022-01-31 04:45:56,-33.65,115.3333,78.08,30,97,16.64
64,Torrington,US,2022-01-31 04:45:57,41.8007,-73.1212,16.12,76,81,2.62
65,Puerto Ayora,EC,2022-01-31 04:45:57,-0.7393,-90.3518,73.04,84,100,5.59
66,Georgetown,MY,2022-01-31 04:41:08,5.4112,100.3354,89.53,66,20,4.61
67,Rioja,AR,2022-01-31 04:45:58,-29.4111,-66.8507,78.82,50,0,4.21
68,Dingle,PH,2022-01-31 04:45:58,10.9995,122.6711,84.74,68,39,10.22
69,Butaritari,KI,2022-01-31 04:45:58,3.0707,172.7902,81.93,76,51,19.06
70,Carberry,CA,2022-01-31 04:45:59,49.8689,-99.3602,10.65,98,79,6.69
71,Yellowknife,CA,2022-01-31 04:42:47,62.456,-114.3525,-10.44,83,75,10.36
72,Buritizeiro,BR,2022-01-31 04:45:59,-17.3511,-44.9622,70.18,86,95,3.27
73,Guerrero Negro,MX,2022-01-31 04:46:00,27.9769,-114.0611,59.97,69,68,10.4
74,Tautira,PF,2022-01-31 04:46:00,-17.7333,-149.15,82.42,77,89,15.35
75,Hervey Bay,AU,2022-01-31 04:46:00,-25.2986,152.8535,89.04,67,32,11.3
76,Almoloya,MX,2022-01-31 04:46:01,19.7,-98.4,50.34,68,4,3.8
77,Vardo,NO,2022-01-31 04:43:15,70.3705,31.1107,21.4,70,58,17.72
78,Tigil,RU,2022-01-31 04:46:01,57.8,158.6667,28.42,68,89,19.77
79,Eyl,SO,2022-01-31 04:46:02,7.9803,49.8164,77.36,70,94,18.07
80,Ciro Marina,IT,2022-01-31 04:46:02,39.3732,17.126,42.85,69,0,6.73
81,Roebourne,AU,2022-01-31 04:46:03,-20.7833,117.1333,100.81,32,78,13.65
82,Bengkulu,ID,2022-01-31 04:46:03,-3.8004,102.2655,85.32,62,94,4.5
83,Fort Nelson,CA,2022-01-31 04:43:10,58.8053,-122.7002,-2.61,71,100,10.36
84,Beringovskiy,RU,2022-01-31 04:46:04,63.05,179.3167,-2.97,95,100,10.69
85,Pervomayskiy,RU,2022-01-31 04:46:04,53.2485,40.2871,25.12,96,100,10.2
86,Tuatapere,NZ,2022-01-31 04:46:05,-46.1333,167.6833,65.28,79,96,7.0
87,Shaunavon,CA,2022-01-31 04:46:05,49.6501,-108.4181,29.98,79,89,9.93
88,Atuona,PF,2022-01-31 04:42:30,-9.8,-139.0333,78.26,75,10,15.59
89,Balabac,PH,2022-01-31 04:47:06,7.9868,117.0645,84.0,69,38,10.07
90,Taoudenni,ML,2022-01-31 04:47:06,22.6783,-3.9836,65.68,14,83,14.7
91,Basarabeasca,MD,2022-01-31 04:47:07,46.3311,28.9728,39.72,81,86,10.31
92,Dolores,AR,2022-01-31 04:44:42,-36.3132,-57.6792,59.05,93,98,15.03
93,Thompson,CA,2022-01-31 04:47:08,55.7435,-97.8558,-3.84,77,20,2.3
94,San Patricio,US,2022-01-31 04:44:40,28.017,-97.5169,64.38,80,100,10.92
95,Karasburg,NA,2022-01-31 04:47:08,-28.0167,18.75,74.39,64,60,16.6
96,Port Blair,IN,2022-01-31 04:47:09,11.6667,92.75,80.64,61,40,9.22
97,Atagay,RU,2022-01-31 04:47:10,55.1033,99.3875,9.72,83,100,1.25
98,Obregon,NI,2022-01-31 04:47:10,11.9566,-85.9636,75.29,70,8,11.92
99,Twin Falls,US,2022-01-31 04:47:10,42.3505,-114.6445,17.49,85,0,5.75
100,Port Elizabeth,ZA,2022-01-31 04:47:11,-33.918,25.5701,69.1,100,100,5.75
101,Ahipara,NZ,2022-01-31 04:47:11,-35.1667,173.1667,74.12,65,100,14.12
102,Camopi,GF,2022-01-31 04:46:54,3.1655,-52.3158,69.58,100,88,1.32
103,Changping,CN,2022-01-31 04:47:12,40.2186,116.2197,31.64,20,1,11.21
104,Acapulco,MX,2022-01-31 04:47:12,16.8634,-99.8901,76.42,76,5,4.59
105,East London,ZA,2022-01-31 04:47:13,-33.0153,27.9116,72.54,88,0,9.22
106,Pisco,PE,2022-01-31 04:47:13,-13.7,-76.2167,69.85,83,40,8.05
107,Khatanga,RU,2022-01-31 04:47:14,71.9667,102.5,-6.12,99,98,7.14
108,Sujangarh,IN,2022-01-31 04:47:14,27.7011,74.4649,68.81,18,0,2.8
109,Namtsy,RU,2022-01-31 04:47:15,62.7161,129.6658,-25.49,96,97,2.04
110,Tairua,NZ,2022-01-31 04:47:15,-37.0167,175.85,69.89,66,81,10.11
111,Hermanus,ZA,2022-01-31 04:47:15,-34.4187,19.2345,72.81,79,100,12.5
112,Clarence Town,AU,2022-01-31 04:47:16,-32.5833,151.7833,83.55,73,87,7.11
113,Dali,CN,2022-01-31 04:47:17,25.7,100.1833,50.27,46,36,4.74
114,Bethel,US,2022-01-31 04:47:17,41.3712,-73.414,22.05,68,0,0.0
115,Kaeo,NZ,2022-01-31 04:47:17,-35.1,173.7833,72.32,80,100,14.16
116,Harbour Breton,CA,2022-01-31 04:47:18,47.4833,-55.7983,37.0,68,100,23.38
117,San Andres,CO,2022-01-31 04:42:48,12.5847,-81.7006,77.02,83,75,10.36
118,Gat,IL,2022-01-31 04:47:19,31.61,34.7642,47.39,100,98,5.77
119,Progreso,MX,2022-01-31 04:47:19,21.2833,-89.6667,64.51,72,0,9.62
120,Narasannapeta,IN,2022-01-31 04:47:19,18.4167,84.05,76.35,55,5,3.02
121,Honiara,SB,2022-01-31 04:47:20,-9.4333,159.95,85.1,72,66,5.32
122,Durban,ZA,2022-01-31 04:47:20,-29.8579,31.0292,75.02,86,100,1.01
123,Qaanaaq,GL,2022-01-31 04:47:21,77.484,-69.3632,-7.46,93,100,4.41
124,Santa Maria,BR,2022-01-31 04:47:22,-29.6842,-53.8069,67.23,83,15,3.51
125,Olafsvik,IS,2022-01-31 04:47:22,64.8945,-23.7142,25.9,56,100,15.19
126,Kaitangata,NZ,2022-01-31 04:47:23,-46.2817,169.8464,63.61,77,81,4.32
127,Torbay,CA,2022-01-31 04:47:23,47.6666,-52.7314,35.58,83,100,24.16
128,Yabrud,SY,2022-01-31 04:47:23,33.9674,36.6574,24.46,70,88,3.4
129,Karratha,AU,2022-01-31 04:47:24,-20.7377,116.8463,94.91,47,72,21.97
130,Mogadishu,SO,2022-01-31 04:47:24,2.0371,45.3438,78.67,73,40,10.36
131,Assiniboia,CA,2022-01-31 04:47:25,49.6334,-105.9845,30.11,80,100,9.22
132,Isangel,VU,2022-01-31 04:47:25,-19.55,169.2667,86.11,84,75,4.61
133,Pascagoula,US,2022-01-31 04:47:26,30.3658,-88.5561,52.02,84,0,3.44
134,Nynashamn,SE,2022-01-31 04:47:26,58.9034,17.9479,29.1,79,10,13.29
135,Lagoa,PT,2022-01-31 04:47:27,39.05,-27.9833,58.37,72,31,25.95
136,Aranos,NA,2022-01-31 04:48:27,-24.1333,19.1167,69.55,77,79,12.66
137,Vao,NC,2022-01-31 04:48:28,-22.6667,167.4833,79.63,79,65,3.8
138,Ponta Do Sol,PT,2022-01-31 04:46:55,32.6667,-17.1,65.12,38,0,10.16
139,Mrakovo,RU,2022-01-31 04:48:28,52.7161,56.6244,25.2,95,100,9.53
140,Mareeba,AU,2022-01-31 04:48:29,-17.0,145.4333,87.48,73,99,6.78
141,Saint-Philippe,RE,2022-01-31 04:48:29,-21.3585,55.7679,84.11,83,83,12.86
142,Saint Augustine,US,2022-01-31 04:44:34,29.8947,-81.3145,46.42,65,0,12.66
143,Namibe,AO,2022-01-31 04:48:30,-15.1961,12.1522,69.78,77,94,3.6
144,Carballo,ES,2022-01-31 04:48:31,43.213,-8.691,44.87,95,11,7.0
145,Peterhead,GB,2022-01-31 04:48:31,57.5058,-1.7981,38.12,68,88,39.62
146,Toktogul,KG,2022-01-31 04:48:31,41.8708,72.9402,24.93,64,10,1.61
147,Puri,IN,2022-01-31 04:48:32,19.8,85.85,75.72,56,25,5.41
148,Havoysund,NO,2022-01-31 04:48:32,70.9963,24.6622,30.43,76,100,16.87
149,Berlevag,NO,2022-01-31 04:48:33,70.8578,29.0864,28.4,64,90,2.17
150,Nabire,ID,2022-01-31 04:48:33,-3.3667,135.4833,85.1,59,98,6.02
151,Joshimath,IN,2022-01-31 04:48:34,30.5667,79.5667,50.41,40,0,5.53
152,Komsomolskiy,UZ,2022-01-31 04:48:34,40.4272,71.7189,30.92,93,100,4.61
153,Longyearbyen,SJ,2022-01-31 04:48:35,78.2186,15.6401,10.24,61,40,17.27
154,Pecos,US,2022-01-31 04:48:35,31.4229,-103.4932,54.3,66,40,0.0
155,Dom Pedrito,BR,2022-01-31 04:43:48,-30.9828,-54.6731,68.95,75,0,7.85
156,Parrita,CR,2022-01-31 04:48:36,9.5201,-84.3225,78.57,75,26,6.04
157,Severo-Kurilsk,RU,2022-01-31 04:48:36,50.6789,156.125,29.23,82,98,11.16
158,Capinzal,BR,2022-01-31 04:47:21,-27.3436,-51.6119,62.76,99,17,3.58
159,Sao Joao Da Barra,BR,2022-01-31 04:48:37,-21.6403,-41.0511,74.64,93,94,6.64
160,Gold Coast,AU,2022-01-31 04:48:38,-28.0,153.4333,89.17,80,20,19.57
161,Tessalit,ML,2022-01-31 04:48:38,20.1986,1.0114,63.1,17,3,7.92
162,Mehamn,NO,2022-01-31 04:48:38,71.0357,27.8492,30.38,93,75,14.97
163,Bereda,ES,2022-01-31 04:48:39,43.2686,-7.5406,38.57,100,94,6.71
164,Oppdal,NO,2022-01-31 04:48:39,62.5943,9.6912,9.21,89,85,8.37
165,Bonfim,BR,2022-01-31 04:48:40,3.0833,-59.95,76.77,67,69,3.74
166,Pathein,MM,2022-01-31 04:48:40,16.7833,94.7333,83.28,34,21,9.24
167,Mikuni,JP,2022-01-31 04:48:40,36.2171,136.1519,39.11,52,94,6.85
168,Pevek,RU,2022-01-31 04:48:41,69.7008,170.3133,-18.56,99,94,2.71
169,Srednekolymsk,RU,2022-01-31 04:48:42,67.45,153.6833,-30.59,100,97,4.12
170,Port Hardy,CA,2022-01-31 04:48:42,50.6996,-127.4199,40.75,87,75,8.05
171,Olivenza,ES,2022-01-31 04:47:15,38.6832,-7.103,46.2,56,0,2.75
172,Mulege,MX,2022-01-31 04:48:43,26.8833,-111.9833,59.83,41,74,2.98
173,Namatanai,PG,2022-01-31 04:48:43,-3.6667,152.4333,84.25,72,97,5.75
174,Zdvinsk,RU,2022-01-31 04:48:43,54.7021,78.661,15.66,92,99,11.45
175,Sitka,US,2022-01-31 04:48:44,57.0531,-135.33,33.69,80,20,3.44
176,Nikolskoye,RU,2022-01-31 04:48:44,59.7035,30.7861,26.49,96,100,5.06
177,Carnarvon,AU,2022-01-31 04:48:45,-24.8667,113.6333,87.87,58,23,24.16
178,Aswan,EG,2022-01-31 04:48:45,24.0934,32.907,50.32,49,80,8.77
179,Craig,US,2022-01-31 04:48:45,40.5153,-107.5464,28.54,84,0,0.0
180,Aklavik,CA,2022-01-31 04:48:46,68.2191,-135.0107,4.03,81,100,12.44
181,Soyo,AO,2022-01-31 04:48:46,-6.1349,12.3689,78.19,84,100,2.48
182,Codrington,AU,2022-01-31 04:49:47,-38.2667,141.9667,74.64,68,3,11.74
183,Stolin,BY,2022-01-31 04:49:47,51.8912,26.846,28.56,95,100,18.92
184,Iqaluit,CA,2022-01-31 04:49:48,63.7506,-68.5145,-25.31,74,20,5.01
185,Gizo,SB,2022-01-31 04:49:48,-8.103,156.8419,85.73,67,97,5.48
186,Beira,MZ,2022-01-31 04:49:49,-19.8436,34.8389,75.29,94,20,3.0
187,Marzuq,YE,2022-01-31 04:46:06,14.4,46.4667,65.77,53,58,2.57
188,Lewistown,US,2022-01-31 04:49:50,40.5992,-77.5714,23.41,92,0,0.0
189,Chippewa Falls,US,2022-01-31 04:49:50,44.9369,-91.3929,10.98,83,0,0.0
190,Tiruchchendur,IN,2022-01-31 04:49:50,8.4833,78.1167,86.29,75,82,13.53
191,Porbandar,IN,2022-01-31 04:49:51,21.6422,69.6093,67.98,77,0,4.61
192,Esperance,AU,2022-01-31 04:49:51,-33.8667,121.9,73.24,71,77,22.12
193,Ilulissat,GL,2022-01-31 04:49:51,69.2167,-51.1,-4.5,50,39,22.17
194,Maumere,ID,2022-01-31 04:49:52,-8.6199,122.2111,84.0,74,81,12.95
195,Upata,VE,2022-01-31 04:49:52,8.0086,-62.3989,72.19,87,89,6.26
196,Salalah,OM,2022-01-31 04:49:53,17.0151,54.0924,68.09,52,0,4.61
197,Coihaique,CL,2022-01-31 04:49:53,-45.5752,-72.0662,48.81,71,40,2.3
198,Portland,US,2022-01-31 04:47:55,45.5234,-122.6762,46.38,90,100,1.01
199,Yulara,AU,2022-01-31 04:48:36,-25.2406,130.9889,84.04,65,100,12.66
200,Taunton,GB,2022-01-31 04:49:54,51.0211,-3.1047,46.72,76,99,8.01
201,Auburn,US,2022-01-31 04:49:50,47.3073,-122.2284,43.97,85,40,5.99
202,Urbano Santos,BR,2022-01-31 04:49:55,-3.2078,-43.4036,72.01,97,21,2.8
203,Batemans Bay,AU,2022-01-31 04:49:55,-35.7167,150.1833,92.19,74,63,6.69
204,Sinnamary,GF,2022-01-31 04:49:55,5.3833,-52.95,75.83,88,81,10.36
205,Palimbang,PH,2022-01-31 04:49:56,6.2106,124.1894,85.44,67,100,5.99
206,Tiksi,RU,2022-01-31 04:49:56,71.6872,128.8694,-15.36,99,100,3.87
207,Souillac,MU,2022-01-31 04:49:57,-20.5167,57.5167,85.35,89,75,12.66
208,Dhidhdhoo,MV,2022-01-31 04:46:31,6.8833,73.1,81.54,76,17,9.66
209,Carnduff,CA,2022-01-31 04:49:57,49.1667,-101.8009,12.38,91,89,7.83
210,Mar Del Plata,AR,2022-01-31 04:49:11,-38.0023,-57.5575,63.88,64,100,18.01
211,Kinshasa,CD,2022-01-31 04:49:58,-4.3246,15.3215,73.78,88,40,16.11
212,Richards Bay,ZA,2022-01-31 04:49:58,-28.783,32.0377,74.19,82,96,7.58
213,Hirado,JP,2022-01-31 04:49:59,33.3597,129.5531,50.4,43,1,14.41
214,Mahebourg,MU,2022-01-31 04:49:59,-20.4081,57.7,85.24,89,75,12.66
215,Buraydah,SA,2022-01-31 04:49:59,26.326,43.975,55.85,45,79,13.35
216,Ananindeua,BR,2022-01-31 04:50:00,-1.3656,-48.3722,73.31,94,0,6.91
217,Vila,PT,2022-01-31 04:50:01,42.0304,-8.1588,38.32,59,0,4.43
218,Taihe,CN,2022-01-31 04:50:01,30.8712,105.3845,51.06,55,99,2.53
219,Bandarbeyla,SO,2022-01-31 04:50:02,9.4942,50.8122,76.96,76,85,17.18
220,Aasiaat,GL,2022-01-31 04:50:02,68.7098,-52.8699,-10.93,93,76,14.36
221,Huaraz,PE,2022-01-31 04:50:03,-9.5333,-77.5333,49.05,83,97,2.26
222,Ekhabi,RU,2022-01-31 04:50:03,53.5102,142.9671,7.45,91,100,23.62
223,Araouane,ML,2022-01-31 04:50:03,18.9048,-3.5265,66.49,18,16,11.48
224,Mount Gambier,AU,2022-01-31 04:49:51,-37.8333,140.7667,89.51,20,2,17.27
225,Severo-Yeniseyskiy,RU,2022-01-31 04:50:04,60.3725,93.0408,6.57,90,99,2.53
226,High Prairie,CA,2022-01-31 04:50:05,55.4334,-116.4858,13.3,94,100,13.2
227,Campbell River,CA,2022-01-31 04:50:05,50.0163,-125.2446,36.93,87,40,10.36
228,Necochea,AR,2022-01-31 04:51:05,-38.5473,-58.7368,61.16,56,100,10.6
229,Porto Novo,BJ,2022-01-31 04:48:18,6.4965,2.6036,73.22,35,71,5.5
230,Khon Kaen,TH,2022-01-31 04:51:06,16.5,102.0833,89.56,34,21,2.17
231,Touros,BR,2022-01-31 04:51:07,-5.1989,-35.4608,79.7,83,10,11.12
232,Alvdal,NO,2022-01-31 04:51:07,62.1077,10.6307,15.64,97,74,2.59
233,Fairbanks,US,2022-01-31 04:47:18,64.8378,-147.7164,-17.39,71,0,0.0
234,Nanortalik,GL,2022-01-31 04:51:08,60.1432,-45.2371,22.73,76,99,20.6
235,Cam Ranh,VN,2022-01-31 04:51:08,11.9214,109.1591,82.36,65,20,6.91
236,Lebu,CL,2022-01-31 04:51:09,-37.6167,-73.65,55.8,75,0,20.02
237,Hauterive,FR,2022-01-31 04:51:09,46.0901,3.4459,42.03,93,55,4.56
238,Zhigansk,RU,2022-01-31 04:51:10,66.7697,123.3711,-27.71,98,96,1.81
239,Kawalu,ID,2022-01-31 04:51:10,-7.3817,108.2082,85.96,65,95,2.26
240,Asilah,MA,2022-01-31 04:51:11,35.465,-6.0348,53.56,77,15,5.91
241,Houlton,US,2022-01-31 04:51:11,46.1262,-67.8403,5.72,66,0,0.0
242,Dwarka,IN,2022-01-31 04:51:12,22.2394,68.9678,74.26,70,0,9.01
243,Molchanovo,RU,2022-01-31 04:51:12,57.5817,83.7692,9.34,95,63,6.82
244,Ilo,PE,2022-01-31 04:51:12,-17.6394,-71.3375,68.31,76,20,4.83
245,Kodiak,US,2022-01-31 04:46:53,57.79,-152.4072,20.71,79,0,5.75
246,Mhlume,SZ,2022-01-31 04:48:37,-26.0333,31.85,69.87,93,84,0.87
247,Deputatskiy,RU,2022-01-31 04:51:13,69.3,139.9,-23.28,100,68,1.9
248,Panorama,GR,2022-01-31 04:51:14,40.5878,23.0315,42.33,45,0,3.0
249,Ayia Galini,GR,2022-01-31 04:51:14,35.1,24.6833,52.75,72,49,4.0
250,Nsanje,MW,2022-01-31 04:49:55,-16.92,35.262,74.53,93,14,2.28
251,Katsuura,JP,2022-01-31 04:51:15,35.1333,140.3,48.31,33,90,9.13
252,Hualmay,PE,2022-01-31 04:51:15,-11.0964,-77.6139,69.69,87,100,6.53
253,Cayenne,GF,2022-01-31 04:51:16,4.9333,-52.3333,79.09,88,75,1.99
254,Geraldton,AU,2022-01-31 04:51:16,-28.7667,114.6,84.61,48,0,21.85
255,Brae,GB,2022-01-31 04:51:17,60.3964,-1.353,39.11,59,100,31.23
256,Kempsey,AU,2022-01-31 04:51:17,-31.0833,152.8333,81.95,79,33,8.01
257,Biak,ID,2022-01-31 04:51:17,-0.9131,122.8766,87.49,57,81,8.46
258,Cherskiy,RU,2022-01-31 04:51:18,68.75,161.3,-27.53,99,72,1.52
259,Paita,PE,2022-01-31 04:51:18,-5.0892,-81.1144,71.53,80,100,8.21
260,Helmsdale,GB,2022-01-31 04:51:19,58.1168,-3.6517,38.17,74,95,29.71
261,Salinopolis,BR,2022-01-31 04:50:29,-0.6136,-47.3561,75.72,91,100,7.2
262,Asau,RO,2022-01-31 04:51:19,46.4333,26.4,36.52,72,38,17.45
263,Taicheng,CN,2022-01-31 04:51:20,38.731,113.228,20.39,26,0,13.96
264,Stornoway,GB,2022-01-31 04:51:20,58.2093,-6.3865,39.16,75,75,7.0
265,Guipavas,FR,2022-01-31 04:51:20,48.4352,-4.3972,48.27,79,75,13.8
266,Qostanay,KZ,2022-01-31 04:51:21,53.1667,63.5833,23.29,93,100,13.42
267,Poplar Bluff,US,2022-01-31 04:51:21,36.757,-90.3929,38.93,55,0,6.91
268,Mitsamiouli,KM,2022-01-31 04:51:22,-11.3847,43.2844,80.89,74,20,4.61
269,Hay River,CA,2022-01-31 04:51:22,60.8156,-115.7999,-5.82,77,40,8.05
270,Arraial Do Cabo,BR,2022-01-31 04:50:19,-22.9661,-42.0278,74.59,96,100,7.76
271,Kruisfontein,ZA,2022-01-31 04:52:23,-34.0033,24.7314,66.88,83,90,4.41
272,Katobu,ID,2022-01-31 04:52:23,-4.9408,122.5276,90.52,49,95,5.46
273,Smithers,CA,2022-01-31 04:52:24,54.7804,-127.1743,25.12,93,100,2.3
274,Avera,US,2022-01-31 04:52:24,33.194,-82.5271,46.27,84,1,7.2
275,Sampit,ID,2022-01-31 04:52:24,-2.5333,112.95,93.29,47,93,1.74
276,Ucluelet,CA,2022-01-31 04:52:25,48.9329,-125.5528,43.09,82,57,8.99
277,Erenhot,CN,2022-01-31 04:52:25,43.6475,111.9767,8.47,70,94,10.71
278,Belaya Gora,RU,2022-01-31 04:52:25,68.5333,146.4167,-21.33,98,99,1.68
279,Lata,PT,2022-01-31 04:52:26,40.1629,-8.3327,37.81,52,22,3.65
280,Aksu,CN,2022-01-31 04:52:26,41.1231,80.2644,30.9,37,22,3.24
281,Sechura,PE,2022-01-31 04:52:27,-5.5569,-80.8222,71.69,77,100,10.2
282,Tuktoyaktuk,CA,2022-01-31 04:52:27,69.4541,-133.0374,-2.2,84,100,23.02
283,Torit,SS,2022-01-31 04:52:28,4.4133,32.5678,76.57,29,40,1.19
284,Oak Harbor,US,2022-01-31 04:51:37,48.2932,-122.6432,44.29,78,20,18.01
285,Turayf,SA,2022-01-31 04:52:28,31.6725,38.6637,37.65,65,0,16.11
286,Fortuna,US,2022-01-31 04:52:28,40.5982,-124.1573,50.67,92,100,0.0
287,Hami,CN,2022-01-31 04:52:29,42.8,93.45,27.54,32,91,5.03
288,Tateyama,JP,2022-01-31 04:52:29,34.9833,139.8667,48.47,40,89,9.42
289,Cidreira,BR,2022-01-31 04:52:30,-30.1811,-50.2056,72.14,74,0,16.84
290,Chimbote,PE,2022-01-31 04:52:30,-9.0853,-78.5783,68.86,89,100,5.06
291,Ponta Delgada,PT,2022-01-31 04:52:30,37.7333,-25.6667,58.5,72,20,18.41
292,San Jeronimo,PE,2022-01-31 04:52:31,-11.9472,-75.2829,44.37,94,99,0.56
293,Upernavik,GL,2022-01-31 04:52:31,72.7868,-56.1549,-10.71,97,100,5.88
294,Norman Wells,CA,2022-01-31 04:52:31,65.282,-126.8329,-21.96,69,75,2.3
295,Torrelavega,ES,2022-01-31 04:52:32,43.3494,-4.0479,46.8,83,78,4.0
296,Alta,NO,2022-01-31 04:52:32,69.9689,23.2717,7.84,85,0,4.61
297,Ugoofaaru,MV,2022-01-31 04:52:32,5.6667,73.0,82.71,73,60,11.99
298,Presidencia Roque Saenz Pena,AR,2022-01-31 04:52:33,-26.7852,-60.4388,69.75,29,0,3.0
299,Haines Junction,CA,2022-01-31 04:52:33,60.7522,-137.5108,-0.45,65,59,2.3
300,Comodoro Rivadavia,AR,2022-01-31 04:52:34,-45.8667,-67.5,60.66,27,0,18.41
301,Angoche,MZ,2022-01-31 04:52:34,-16.2325,39.9086,78.04,81,1,4.97
302,Antofagasta,CL,2022-01-31 04:52:34,-23.65,-70.4,63.68,83,51,2.98
303,Grindavik,IS,2022-01-31 04:52:35,63.8424,-22.4338,28.87,74,75,16.11
304,Inhambane,MZ,2022-01-31 04:52:35,-23.865,35.3833,77.95,70,35,5.88
305,Lithgow,AU,2022-01-31 04:52:35,-33.4833,150.15,81.66,64,29,3.11
306,Lompoc,US,2022-01-31 04:52:36,34.6391,-120.4579,56.37,93,0,0.0
307,Lake City,US,2022-01-31 04:52:36,30.1897,-82.6393,42.01,81,0,3.44
308,Shaoyang,CN,2022-01-31 04:52:37,27.2315,111.4525,36.37,100,100,1.59
309,Chokurdakh,RU,2022-01-31 04:51:48,70.6333,147.9167,-28.1,99,55,1.36
310,Axim,GH,2022-01-31 04:52:37,4.8699,-2.2405,75.74,87,31,3.18
311,Serik,TR,2022-01-31 04:52:38,36.9169,31.0989,48.74,86,99,4.27
312,Narsaq,GL,2022-01-31 04:52:38,60.9167,-46.05,21.56,82,100,13.53
313,Panguna,PG,2022-01-31 04:52:38,-6.3164,155.4848,78.19,77,100,2.51
314,Mackenzie,CA,2022-01-31 04:52:39,55.2999,-123.1698,28.62,80,100,8.05
315,Xianyang,CN,2022-01-31 04:52:39,34.3378,108.7026,34.84,34,0,8.95
316,Ukiah,US,2022-01-31 04:52:40,39.1502,-123.2078,53.49,72,0,4.61
317,Los Llanos De Aridane,ES,2022-01-31 04:52:40,28.6585,-17.9182,56.95,67,0,8.05
318,At-Bashi,KG,2022-01-31 04:52:40,41.1702,75.8106,9.91,72,51,0.16
319,Turbat,PK,2022-01-31 04:53:41,26.0023,63.044,72.91,41,0,0.85
320,Bambanglipuro,ID,2022-01-31 04:53:41,-7.95,110.2833,78.6,68,82,9.24
321,Luderitz,NA,2022-01-31 04:53:42,-26.6481,15.1594,63.27,93,65,6.26
322,Zlynka,RU,2022-01-31 04:53:42,52.4267,31.7378,33.58,98,100,7.25
323,Rivers,CA,2022-01-31 04:53:42,50.0308,-100.2403,4.15,96,85,5.88
324,Lagunas,PE,2022-01-31 04:53:43,-5.2269,-75.6753,72.79,95,100,2.55
325,Lively,CA,2022-01-31 04:53:43,46.4334,-81.1498,16.61,97,98,3.76
326,Kamenka,RU,2022-01-31 04:53:43,51.3223,42.7678,32.76,97,100,18.57
327,Barmer,IN,2022-01-31 04:53:44,25.75,71.3833,70.21,56,0,3.2
328,Maple Creek,CA,2022-01-31 04:53:44,49.9168,-109.4848,41.41,65,83,9.22
329,Beroroha,MG,2022-01-31 04:53:44,-21.6667,45.1667,80.8,50,0,6.6
330,Saldanha,ZA,2022-01-31 04:53:45,-33.0117,17.9442,62.65,79,100,6.02
331,Ust-Nera,RU,2022-01-31 04:53:45,64.5667,143.2,-3.24,99,100,1.92
332,Boa Vista,BR,2022-01-31 04:53:46,2.8197,-60.6733,78.78,65,40,9.22
333,Okha,RU,2022-01-31 04:53:46,53.5739,142.9478,8.02,91,100,23.44
334,Radomsko,PL,2022-01-31 04:53:46,51.0671,19.4448,34.39,81,97,16.26
335,Puerto Penasco,MX,2022-01-31 04:53:47,31.3167,-113.5333,62.91,45,0,6.02
336,Honningsvag,NO,2022-01-31 04:53:47,70.9821,25.9704,29.95,74,20,12.66
337,Mantua,IT,2022-01-31 04:53:47,45.1667,10.7833,38.82,82,43,4.68
338,Kaspiysk,RU,2022-01-31 04:53:48,42.8816,47.6392,23.18,93,4,4.47
339,Makat,KZ,2022-01-31 04:53:48,47.6469,53.3463,27.9,91,90,7.07
340,Port Augusta,AU,2022-01-31 04:53:48,-32.5,137.7667,93.34,32,92,1.48
341,Kedougou,SN,2022-01-31 04:53:49,12.5579,-12.1743,75.11,19,8,3.6
342,Benjamin Hill,MX,2022-01-31 04:53:50,30.1667,-111.1,52.18,27,0,7.94
343,Tabou,CI,2022-01-31 04:53:51,4.423,-7.3528,76.96,87,32,2.91
344,Belmonte,BR,2022-01-31 04:53:51,-15.8631,-38.8828,77.5,87,28,7.96
345,Garissa,KE,2022-01-31 04:53:51,-0.4536,39.6401,76.5,73,45,6.71
346,Nador,MA,2022-01-31 04:53:52,35.174,-2.9287,53.85,87,0,4.61
347,Sao Filipe,CV,2022-01-31 04:53:52,14.8961,-24.4956,71.6,73,100,5.59
348,Clyde River,CA,2022-01-31 04:53:53,70.4692,-68.5914,-32.57,75,0,3.44
349,Matamoros,MX,2022-01-31 04:50:00,25.5333,-103.25,59.11,40,14,4.09
350,Asosa,ET,2022-01-31 04:53:53,10.0667,34.5333,62.53,36,6,4.7
351,Zaozerne,UA,2022-01-31 04:53:54,45.1582,33.2787,41.07,75,49,18.1
352,Port Lincoln,AU,2022-01-31 04:53:54,-34.7333,135.8667,75.16,64,12,6.58
353,Magadan,RU,2022-01-31 04:53:54,59.5667,150.8,9.28,76,92,14.92
354,Jinka,ET,2022-01-31 04:53:55,5.65,36.65,69.17,33,96,1.68
355,Fomboni,KM,2022-01-31 04:53:55,-12.28,43.7425,82.35,70,12,5.12
356,Yar-Sale,RU,2022-01-31 04:53:56,66.8333,70.8333,-4.99,99,90,7.47
357,Kloulklubed,PW,2022-01-31 04:53:56,7.0419,134.2556,82.42,69,95,13.06
358,General Bravo,MX,2022-01-31 04:53:56,25.8,-99.1667,62.64,89,49,20.13
359,Provideniya,RU,2022-01-31 04:53:57,64.3833,-173.3,10.51,72,0,15.66
360,Cabo San Lucas,MX,2022-01-31 04:53:57,22.8909,-109.9124,70.52,76,87,1.45
361,Airai,TL,2022-01-31 04:53:58,-8.9266,125.4092,70.74,67,92,7.83
362,Severomuysk,RU,2022-01-31 04:53:58,56.1481,113.4267,-8.7,92,100,3.83
363,Dubbo,AU,2022-01-31 04:53:59,-32.25,148.6167,87.93,45,40,4.61
364,Mana,GF,2022-01-31 04:53:59,5.6592,-53.7767,75.34,87,41,9.04
365,Concarneau,FR,2022-01-31 04:54:00,47.875,-3.9225,51.82,85,99,14.5
366,Mao,ES,2022-01-31 04:54:00,39.8885,4.2658,46.96,93,0,6.91
367,Lorengau,PG,2022-01-31 04:55:00,-2.0226,147.2712,81.57,82,100,16.33
368,Horsham,GB,2022-01-31 04:55:01,51.064,-0.3272,46.11,70,75,12.66
369,Rabo De Peixe,PT,2022-01-31 04:55:01,37.8,-25.5833,57.27,95,20,18.41
370,Inyonga,TZ,2022-01-31 04:55:02,-6.7167,32.0667,65.14,93,100,2.24
371,Preobrazheniye,RU,2022-01-31 04:54:10,42.9019,133.9064,21.51,40,3,7.52
372,Wahiawa,US,2022-01-31 04:55:02,21.5028,-158.0236,71.92,70,20,6.91
373,Jati,PK,2022-01-31 04:55:03,24.3539,68.2671,77.04,58,0,14.43
374,Payson,US,2022-01-31 04:55:04,40.0444,-111.7321,34.27,63,0,0.0
375,Acarau,BR,2022-01-31 04:55:04,-2.8856,-40.12,77.52,86,100,9.75
376,Vila Franca Do Campo,PT,2022-01-31 04:55:04,37.7167,-25.4333,58.19,79,75,14.07
377,Daulatpur,PK,2022-01-31 04:55:05,26.5015,67.9706,57.09,34,0,1.88
378,La Mata,PA,2022-01-31 04:55:05,8.0833,-80.8833,73.87,86,7,1.88
379,Kununurra,AU,2022-01-31 04:55:05,-15.7667,128.7333,89.58,66,40,13.8
380,Noumea,NC,2022-01-31 04:51:55,-22.2763,166.4572,82.38,76,77,6.55
381,Karmala,IN,2022-01-31 04:55:06,18.4167,75.2,79.05,17,0,2.98
382,Brenham,US,2022-01-31 04:55:06,30.1669,-96.3977,55.98,79,0,0.0
383,Sioux Lookout,CA,2022-01-31 04:55:07,50.1001,-91.917,12.58,85,100,8.05
384,Kavieng,PG,2022-01-31 04:55:07,-2.5744,150.7967,83.59,69,93,2.35
385,Zhezkazgan,KZ,2022-01-31 04:55:07,47.8043,67.7144,19.38,93,100,4.47
386,Cobija,BO,2022-01-31 04:55:08,-11.0267,-68.7692,70.03,99,100,1.83
387,Zyryanovsk,KZ,2022-01-31 04:55:08,49.7386,84.2719,1.92,90,59,0.98
388,Sistranda,NO,2022-01-31 04:55:09,63.7256,8.834,30.9,73,100,12.24
389,Zhuhai,CN,2022-01-31 04:55:09,22.2769,113.5678,59.97,71,40,21.85
390,Kenora,CA,2022-01-31 04:54:45,49.8167,-94.4337,16.77,73,100,11.5
391,Brufut,GM,2022-01-31 04:55:10,13.3814,-16.7518,68.09,73,95,3.44
392,Cabedelo,BR,2022-01-31 04:55:10,-6.9811,-34.8339,79.47,75,34,12.8
393,Kisesa,TZ,2022-01-31 04:55:11,-3.0833,34.15,62.96,97,100,6.24
394,Sambava,MG,2022-01-31 04:54:19,-14.2667,50.1667,80.11,77,47,9.51
395,General Roca,AR,2022-01-31 04:55:11,-39.0333,-67.5833,64.8,16,5,6.35
396,Alindao,CF,2022-01-31 04:55:11,5.0267,21.2088,67.53,32,49,4.12
397,Flinders,AU,2022-01-31 04:50:33,-34.5833,150.8552,86.2,71,30,8.19
398,Omboue,GA,2022-01-31 04:55:12,-1.5746,9.2618,77.45,87,100,2.64
399,Show Low,US,2022-01-31 04:55:09,34.2542,-110.0298,29.61,76,0,0.0
400,Cascais,PT,2022-01-31 04:55:12,38.6979,-9.4215,54.97,47,0,5.01
401,Lins,BR,2022-01-31 04:55:13,-21.6786,-49.7425,69.75,96,100,5.57
402,Mikhaylovka,RU,2022-01-31 04:55:13,50.06,43.2379,34.79,97,100,18.19
403,Deep River,CA,2022-01-31 04:55:14,46.1001,-77.4995,2.57,99,96,1.43
404,Coquimbo,CL,2022-01-31 04:55:14,-29.9533,-71.3436,62.33,88,0,1.14
405,Wanning,CN,2022-01-31 04:55:15,18.8003,110.3967,69.94,87,100,10.07
406,Hammerfest,NO,2022-01-31 04:55:15,70.6634,23.6821,27.05,68,100,3.44
407,Fuerte Olimpo,PY,2022-01-31 04:55:15,-21.0415,-57.8738,76.89,78,2,4.61
408,Takoradi,GH,2022-01-31 04:55:16,4.8845,-1.7554,76.39,82,36,1.68
409,Charters Towers,AU,2022-01-31 04:55:16,-20.1,146.2667,94.89,34,23,12.26
410,Beyneu,KZ,2022-01-31 04:55:16,45.3167,55.2,33.73,80,100,14.05
411,Tudela,ES,2022-01-31 04:55:17,42.0617,-1.6045,45.5,85,0,18.97
412,New Port Richey,US,2022-01-31 04:55:17,28.2442,-82.7193,50.95,74,0,5.44
413,Sorland,NO,2022-01-31 04:55:18,67.667,12.6934,32.07,83,100,18.1
414,Kavaratti,IN,2022-01-31 04:56:18,10.5669,72.642,81.54,73,1,9.1
415,Shimoda,JP,2022-01-31 04:56:19,34.6667,138.95,48.56,70,96,9.08
416,Salitral,PE,2022-01-31 04:56:19,-4.8572,-80.6811,74.7,66,100,8.12
417,Atar,MR,2022-01-31 04:51:46,20.5169,-13.0499,75.43,13,100,8.63
418,Bonavista,CA,2022-01-31 04:51:59,48.6499,-53.1147,36.12,74,67,26.8
419,Kuandian,CN,2022-01-31 04:56:20,40.7286,124.7847,26.78,31,100,3.33
420,Jinchang,CN,2022-01-31 04:56:20,38.4953,102.1739,24.42,28,84,8.99
421,Canakkale,TR,2022-01-31 04:55:15,40.0833,26.8333,41.52,83,52,2.17
422,Gawler,AU,2022-01-31 04:56:21,-34.6,138.7333,100.62,29,57,9.22
423,Meulaboh,ID,2022-01-31 04:56:21,4.1363,96.1285,86.23,63,70,3.36
424,Lahij,YE,2022-01-31 04:56:21,13.1667,44.5833,69.85,79,100,8.1
425,Chabahar,IR,2022-01-31 04:56:22,25.2919,60.643,72.52,59,0,13.2
426,Coruripe,BR,2022-01-31 04:56:22,-10.1256,-36.1756,77.56,84,78,7.18
427,Padang,ID,2022-01-31 04:56:23,-0.9492,100.3543,84.25,63,82,4.81
428,Sola,VU,2022-01-31 04:56:23,-13.8833,167.55,79.59,80,100,8.88
429,Kayes,ML,2022-01-31 04:56:23,14.0,-11.0,76.5,12,36,3.85
430,Port Macquarie,AU,2022-01-31 04:54:08,-31.4333,152.9167,82.36,71,27,8.81
431,Wakkanai,JP,2022-01-31 04:56:24,45.4094,141.6739,19.38,63,75,19.57
432,Kumbo,CM,2022-01-31 04:56:24,6.2,10.6667,57.11,31,76,0.2
433,Kuusamo,FI,2022-01-31 04:56:25,65.9667,29.1833,-5.76,84,0,2.3
434,Shirokiy,RU,2022-01-31 04:56:26,49.758,129.523,1.74,87,72,5.55
435,Kilindoni,TZ,2022-01-31 04:56:26,-7.9139,39.6668,80.74,78,59,8.21
436,Byron Bay,AU,2022-01-31 04:56:26,-28.65,153.6167,87.91,67,30,8.1
437,Marawi,PH,2022-01-31 04:56:27,7.9986,124.2928,75.65,73,100,6.26
438,Hamilton,US,2022-01-31 04:53:53,39.1834,-84.5333,28.72,79,84,1.01
439,Innisfail,AU,2022-01-31 04:56:27,-17.5333,146.0333,84.24,70,66,8.08
440,Havre-Saint-Pierre,CA,2022-01-31 04:56:28,50.2334,-63.5986,12.2,66,100,12.66
441,Feijo,BR,2022-01-31 04:53:10,-8.1642,-70.3536,72.03,98,100,0.6
442,Qasigiannguit,GL,2022-01-31 04:56:28,68.8193,-51.1922,-9.53,65,44,12.06
443,Concepcion Del Oro,MX,2022-01-31 04:56:29,24.6333,-101.4167,54.46,20,15,5.23
444,Sorong,ID,2022-01-31 04:56:29,-0.8833,131.25,83.35,67,96,17.85
445,Shingu,JP,2022-01-31 04:56:30,33.7333,135.9833,50.99,31,4,5.17
446,Odienne,CI,2022-01-31 04:56:30,9.51,-7.5692,69.64,20,4,3.53
447,Siverek,TR,2022-01-31 04:56:31,37.755,39.3167,34.41,96,100,4.36
448,Hailar,CN,2022-01-31 04:56:31,49.2,119.7,-4.83,89,47,4.32
449,Bosobolo,CD,2022-01-31 04:56:32,4.1833,19.9,68.11,30,74,4.07
450,Kaiyuan,CN,2022-01-31 04:56:32,23.6977,103.3037,53.47,79,98,3.83
451,Khorixas,NA,2022-01-31 04:56:32,-20.3667,14.9667,62.46,68,97,3.74
452,Lincoln,US,2022-01-31 04:56:09,40.8,-96.667,37.9,68,100,4.0
453,Latung,PH,2022-01-31 04:56:33,5.5,120.8833,82.45,73,50,6.82
454,Nsoko,SZ,2022-01-31 04:56:33,-27.0333,31.95,74.46,87,87,2.42
455,Lodja,CD,2022-01-31 04:55:09,-3.4833,23.4333,71.94,90,100,2.51
456,Opuwo,NA,2022-01-31 04:56:34,-18.0607,13.84,60.78,58,98,3.47
457,Saint Anthony,US,2022-01-31 04:56:34,45.0205,-93.218,14.95,82,0,1.01
458,Bara,NG,2022-01-31 04:56:34,10.3744,10.7288,56.7,24,47,7.27
459,Hokitika,NZ,2022-01-31 04:57:35,-42.7167,170.9667,68.67,58,71,6.4
460,Manoel Urbano,BR,2022-01-31 04:57:35,-8.8389,-69.2597,72.18,97,100,1.01
461,Lian,PH,2022-01-31 04:57:36,14.0381,120.6509,89.06,57,60,15.99
462,Watford,GB,2022-01-31 04:57:36,51.6553,-0.396,45.79,71,87,1.01
463,Emerald,AU,2022-01-31 04:57:37,-23.5333,148.1667,95.14,36,71,6.91
464,Nuevitas,CU,2022-01-31 04:57:37,21.5453,-77.2644,68.58,60,98,8.5
465,Chenghai,CN,2022-01-31 04:57:37,23.4632,116.768,53.51,66,100,11.18
466,Praya,CV,2022-01-31 04:57:38,14.9215,-23.5087,70.34,68,75,18.41
467,Nova Vicosa,BR,2022-01-31 04:57:38,-17.8919,-39.3719,77.83,85,55,11.83
468,Ambalavao,MG,2022-01-31 04:57:39,-21.8333,46.9333,66.18,64,21,3.04
469,Oranjemund,NA,2022-01-31 04:57:39,-28.55,16.4333,65.23,91,94,3.76
470,Mugur-Aksy,RU,2022-01-31 04:57:40,50.35,90.5,8.94,58,2,1.59
471,Montclair,US,2022-01-31 04:57:40,40.8259,-74.209,23.02,68,40,0.0
472,Wagar,SD,2022-01-31 04:57:41,16.1525,36.2032,65.08,71,1,8.34
473,Mount Pleasant,US,2022-01-31 04:57:41,32.7941,-79.8626,48.99,53,0,1.99
474,Bourail,NC,2022-01-31 04:57:42,-21.5667,165.4833,82.63,70,98,7.14
475,Peniche,PT,2022-01-31 04:57:42,39.3558,-9.3811,51.75,85,4,10.13
476,Velsk,RU,2022-01-31 04:57:43,61.0701,42.0983,-2.4,100,99,3.8
477,Tetouan,MA,2022-01-31 04:52:55,35.5711,-5.3724,52.68,87,5,1.14
478,Moose Factory,CA,2022-01-31 04:57:43,51.2585,-80.6094,-18.4,83,0,4.61
479,Tilichiki,RU,2022-01-31 04:57:44,60.4667,166.1,12.43,92,100,10.76
480,Nome,US,2022-01-31 04:57:44,64.5011,-165.4064,-3.19,85,0,5.23
481,Burns Lake,CA,2022-01-31 04:57:45,54.2331,-125.7533,20.62,99,57,2.46
482,Pasighat,IN,2022-01-31 04:57:46,28.0667,95.3333,67.15,38,5,3.91
483,Verkh-Suetka,RU,2022-01-31 04:57:46,53.3,80.05,16.99,94,100,9.78
484,Saint-Joseph,RE,2022-01-31 04:57:46,-21.3667,55.6167,82.76,80,67,13.06
485,Sahuaripa,MX,2022-01-31 04:57:47,29.05,-109.2333,55.35,35,15,5.32
486,Fare,PF,2022-01-31 04:57:47,-16.7,-151.0167,81.19,70,10,9.8
487,Nyurba,RU,2022-01-31 04:57:48,63.2842,118.3319,-10.88,96,69,4.12
488,Baykit,RU,2022-01-31 04:57:48,61.67,96.37,1.63,95,97,1.07
489,Fort Portal,UG,2022-01-31 04:57:49,0.6617,30.2748,67.06,45,100,1.63
490,Pangnirtung,CA,2022-01-31 04:57:49,66.1451,-65.7125,-22.79,85,73,6.13
491,Urengoy,RU,2022-01-31 04:57:49,65.9667,78.3667,-3.26,99,97,8.12
492,Sabang,ID,2022-01-31 04:57:50,5.8933,95.3214,81.55,76,80,11.7
493,Pandan,PH,2022-01-31 04:57:51,14.0453,124.1694,78.94,84,96,15.17
494,Dinguiraye,GN,2022-01-31 04:57:51,11.3,-10.7167,68.79,20,4,2.42
495,Husavik,IS,2022-01-31 04:57:52,66.0449,-17.3389,22.91,64,92,19.91
496,Raudeberg,NO,2022-01-31 04:57:52,61.9875,5.1352,32.86,69,100,1.99
497,Leningradskiy,RU,2022-01-31 04:57:52,69.3833,178.4167,-15.25,93,89,4.88
498,Turukhansk,RU,2022-01-31 04:57:53,65.8167,87.9833,0.43,93,99,12.33
499,Naze,JP,2022-01-31 04:57:53,28.3667,129.4833,58.12,55,63,16.71
500,Ejido,VE,2022-01-31 04:57:54,8.5514,-71.2375,64.74,91,100,2.28
501,Rome,US,2022-01-31 04:57:54,34.257,-85.1647,39.58,81,54,3.02
502,Recodo,PH,2022-01-31 04:57:54,6.9519,121.9636,87.82,66,75,5.75
503,Caucaia,BR,2022-01-31 04:57:55,-3.7361,-38.6531,82.04,77,40,12.66
504,Chapais,CA,2022-01-31 04:57:55,49.7834,-74.8492,-13.22,100,94,3.38
505,Kudat,MY,2022-01-31 04:57:56,6.8837,116.8477,84.29,79,20,4.61
506,Safford,US,2022-01-31 04:58:56,32.834,-109.7076,56.12,45,1,4.72
507,Mahibadhoo,MV,2022-01-31 04:58:57,3.7833,72.9667,82.35,75,2,12.93
508,Ornskoldsvik,SE,2022-01-31 04:58:57,63.2909,18.7153,16.75,92,11,8.05
509,Tagusao,PH,2022-01-31 04:58:57,9.1924,117.8141,85.03,67,28,7.99
510,Najran,SA,2022-01-31 04:58:58,17.4924,44.1277,50.65,29,2,1.59
511,Batagay,RU,2022-01-31 04:58:58,67.6333,134.6333,-31.79,99,57,0.78
512,Korcula,HR,2022-01-31 04:58:37,42.9622,17.1369,37.96,55,0,7.45
513,Margate,GB,2022-01-31 04:58:59,51.3813,1.3862,44.74,70,55,13.0
514,Sai Buri,TH,2022-01-31 04:58:59,6.7013,101.6168,83.91,63,71,10.02
515,Chardara,KZ,2022-01-31 04:59:00,41.2547,67.9692,36.66,55,64,6.11
516,Menongue,AO,2022-01-31 04:59:00,-14.6585,17.691,60.64,94,100,3.94
517,Clonakilty,IE,2022-01-31 04:59:01,51.6231,-8.8706,44.1,74,71,18.23
518,Vallenar,CL,2022-01-31 04:59:01,-28.5708,-70.7581,64.17,72,0,3.49
519,Mayo,US,2022-01-31 04:59:01,38.8876,-76.5119,29.89,68,100,3.0
520,Mookane,BW,2022-01-31 04:59:02,-23.688,26.6595,67.08,82,96,9.69
521,Srandakan,ID,2022-01-31 04:59:02,-7.9386,110.2506,77.74,68,82,8.97
522,Preston,GB,2022-01-31 04:59:03,53.7667,-2.7167,44.74,72,94,5.99
523,Prieska,ZA,2022-01-31 04:59:03,-29.6641,22.7474,69.8,74,67,6.24
524,Chiredzi,ZW,2022-01-31 04:59:04,-21.05,31.6667,70.56,83,22,7.05
525,Matara,LK,2022-01-31 04:59:04,5.9485,80.5353,86.04,64,14,4.09
526,Kropotkin,RU,2022-01-31 04:59:05,45.4375,40.5756,31.89,84,100,4.68
527,Nioro,GM,2022-01-31 04:59:05,13.35,-15.75,74.19,26,71,7.67
528,Lumberton,US,2022-01-31 04:59:06,34.6182,-79.0086,37.35,69,13,7.81
529,Cochrane,CA,2022-01-31 04:55:23,51.1834,-114.4687,41.27,64,75,3.44
530,Antalaha,MG,2022-01-31 04:59:06,-14.9003,50.2788,80.92,68,62,8.12
531,Siteki,SZ,2022-01-31 04:59:07,-26.45,31.95,68.92,86,64,2.21
532,Sibolga,ID,2022-01-31 04:59:07,1.7427,98.7792,85.59,64,93,4.03
533,Verkhoyansk,RU,2022-01-31 04:59:07,67.5447,133.385,-30.96,99,84,1.19
534,Kuznetsk,RU,2022-01-31 04:59:08,53.1167,46.6004,21.47,95,100,10.69
535,Medicine Hat,CA,2022-01-31 04:59:08,50.0501,-110.6683,42.24,65,100,5.99
536,Pringsewu,ID,2022-01-31 04:59:09,-5.3582,104.9744,79.45,84,100,3.29
537,Kinsale,IE,2022-01-31 04:59:09,51.7075,-8.5306,44.24,75,40,21.85
538,Wanaka,NZ,2022-01-31 04:56:36,-44.7,169.15,77.83,46,98,1.74
539,Tezu,IN,2022-01-31 04:56:22,27.9167,96.1667,68.61,30,4,4.56
540,Altamira,BR,2022-01-31 04:59:10,-3.2033,-52.2064,71.42,99,100,1.57
541,Buta,CD,2022-01-31 04:55:09,2.7858,24.73,66.7,42,100,2.51
542,Pacific Grove,US,2022-01-31 04:57:55,36.6177,-121.9166,52.66,88,75,1.99
543,Saint-Pierre,RE,2022-01-31 04:59:11,-21.3393,55.4781,83.84,83,75,10.36
544,Kemijarvi,FI,2022-01-31 04:59:11,66.7131,27.4306,-2.43,99,74,3.02
545,Yigou,CN,2022-01-31 04:59:11,35.8114,114.3167,44.26,14,0,12.01
546,Puerto Baquerizo Moreno,EC,2022-01-31 04:59:12,-0.9,-89.6,74.14,83,100,9.44
547,Nelson Bay,AU,2022-01-31 04:59:12,-32.7167,152.15,83.68,71,47,4.0
548,Saint George,US,2022-01-31 04:59:13,37.1041,-113.5841,45.54,37,0,3.15
549,Luanda,AO,2022-01-31 04:57:38,-8.8368,13.2343,75.65,89,98,7.9
550,Abha,SA,2022-01-31 04:59:13,18.2164,42.5053,51.62,87,0,6.91
551,Puerto Narino,CO,2022-01-31 04:59:14,-3.7703,-70.3831,75.15,79,100,2.3
552,Artyom,AZ,2022-01-31 05:00:26,40.4723,50.333,28.54,64,8,16.49
553,Villarrica,PY,2022-01-31 05:00:30,-25.75,-56.4333,73.45,62,43,2.55
554,Arlit,NE,2022-01-31 05:00:37,18.7369,7.3853,55.51,18,2,10.6
555,Zelenets,RU,2022-01-31 05:00:38,61.8849,50.7489,-6.59,99,63,4.52
556,Itaituba,BR,2022-01-31 05:00:40,-4.2761,-55.9836,72.75,95,100,1.07
557,Chicama,PE,2022-01-31 05:00:42,-7.8447,-79.1469,69.62,83,99,4.76
558,Cuamba,MZ,2022-01-31 05:00:42,-14.8031,36.5372,70.03,89,16,0.96
559,Vestmannaeyjar,IS,2022-01-31 05:00:43,63.4427,-20.2734,33.4,60,100,27.0
560,Tevriz,RU,2022-01-31 05:00:43,57.509,72.4042,11.21,94,99,6.13
561,Bilma,NE,2022-01-31 05:00:44,18.6853,12.9164,50.11,22,1,14.58
562,Plettenberg Bay,ZA,2022-01-31 05:00:44,-34.0527,23.3716,70.7,82,89,1.59
563,Ajdabiya,LY,2022-01-31 05:00:45,30.7554,20.2263,55.53,61,82,14.52
564,Galesong,ID,2022-01-31 05:00:45,-5.3166,119.3661,87.82,73,99,12.46
565,Homer,US,2022-01-31 04:59:09,59.6425,-151.5483,21.78,88,22,4.99
566,Cockburn Town,TC,2022-01-31 05:00:46,21.4612,-71.1419,74.21,80,98,19.15
567,Conde,BR,2022-01-31 05:00:46,-7.2597,-34.9075,77.59,79,25,9.17
568,Calvinia,ZA,2022-01-31 05:00:47,-31.4707,19.776,75.85,52,79,8.48
569,Plouzane,FR,2022-01-31 05:00:48,48.3833,-4.6167,48.29,79,75,13.8
570,Barahona,DO,2022-01-31 05:00:48,18.2085,-71.1008,73.47,81,13,1.12
