City_ID,City,Country,Date,Lat,Lng,Max Temp,Humidity,Cloudiness,Wind Speed,Current Description
0,Tarakan,ID,2022-01-31 21:06:45,3.3,117.6333,79.56,79,93,9.53,overcast clouds
1,Bourail,NC,2022-01-31 21:06:45,-21.5667,165.4833,78.73,78,100,3.0,overcast clouds
2,Hambantota,LK,2022-01-31 21:06:45,6.1241,81.1185,75.76,81,4,15.97,clear sky
3,Poum,NC,2022-01-31 21:06:46,-20.2333,164.0167,80.33,76,100,14.63,overcast clouds
4,Tamworth,GB,2022-01-31 21:06:46,52.634,-1.6959,44.35,88,80,5.01,broken clouds
5,Coquimbo,CL,2022-01-31 20:56:51,-29.9533,-71.3436,69.53,68,20,13.8,few clouds
6,Tautira,PF,2022-01-31 21:06:47,-17.7333,-149.15,84.0,78,35,19.22,light rain
7,Lengshuijiang,CN,2022-01-31 21:06:48,27.6881,111.4294,36.86,100,100,1.68,light rain
8,Ponta Do Sol,PT,2022-01-31 21:01:00,32.6667,-17.1,66.0,57,37,13.06,scattered clouds
9,Arraial Do Cabo,BR,2022-01-31 21:06:49,-22.9661,-42.0278,80.46,78,75,3.44,broken clouds
10,Jamestown,US,2022-01-31 21:04:44,42.097,-79.2353,34.52,50,0,0.0,clear sky
11,Port Hardy,CA,2022-01-31 20:57:31,50.6996,-127.4199,42.76,93,75,5.75,broken clouds
12,Jutai,BR,2022-01-31 21:02:48,-5.1833,-68.9,84.83,65,100,4.34,overcast clouds
13,Dunedin,NZ,2022-01-31 21:01:27,-45.8742,170.5036,66.79,76,69,5.99,broken clouds
14,Cape Town,ZA,2022-01-31 21:06:50,-33.9258,18.4232,76.12,78,7,5.75,clear sky
15,Balkanabat,TM,2022-01-31 21:06:50,39.5108,54.3671,48.45,37,1,8.05,clear sky
16,Kahului,US,2022-01-31 21:04:15,20.8947,-156.47,79.97,64,20,8.05,few clouds
17,Atuona,PF,2022-01-31 21:06:51,-9.8,-139.0333,78.48,76,19,21.59,light rain
18,Hermanus,ZA,2022-01-31 21:06:51,-34.4187,19.2345,75.9,81,19,11.68,few clouds
19,Liwale,TZ,2022-01-31 21:06:52,-9.7667,37.9333,69.21,99,100,1.88,moderate rain
20,Ribeira Grande,PT,2022-01-31 21:06:52,38.5167,-28.7,61.2,72,20,20.71,few clouds
21,Avarua,CK,2022-01-31 21:06:52,-21.2078,-159.775,82.45,78,75,11.5,broken clouds
22,Busselton,AU,2022-01-31 21:04:40,-33.65,115.3333,57.09,63,30,15.37,scattered clouds
23,Puerto Ayora,EC,2022-01-31 21:01:57,-0.7393,-90.3518,74.55,93,62,1.99,broken clouds
24,Kapaa,US,2022-01-31 21:06:53,22.0752,-159.319,77.47,70,0,1.01,clear sky
25,Kidal,ML,2022-01-31 21:06:54,18.4411,1.4078,67.64,9,1,11.68,clear sky
26,Zabid,YE,2022-01-31 21:06:54,14.1951,43.3152,75.25,62,5,2.21,clear sky
27,Mataura,NZ,2022-01-31 21:05:54,-46.1927,168.8643,68.49,67,38,1.81,scattered clouds
28,Tuktoyaktuk,CA,2022-01-31 21:06:55,69.4541,-133.0374,-4.76,98,100,8.16,overcast clouds
29,Padang,ID,2022-01-31 21:06:55,-0.9492,100.3543,76.6,89,43,3.87,scattered clouds
30,Albany,US,2022-01-31 21:04:21,42.6001,-73.9662,30.15,42,9,1.99,clear sky
31,Klaksvik,FO,2022-01-31 21:06:56,62.2266,-6.589,41.92,98,100,27.63,overcast clouds
32,Ushuaia,AR,2022-01-31 21:04:37,-54.8,-68.3,46.06,76,75,27.63,broken clouds
33,Provideniya,RU,2022-01-31 21:06:56,64.3833,-173.3,8.71,61,75,24.61,broken clouds
34,Punta Arenas,CL,2022-01-31 21:02:34,-53.15,-70.9167,50.11,71,98,25.79,light rain
35,Qaqortoq,GL,2022-01-31 21:06:34,60.7167,-46.0333,27.1,93,100,12.1,snow
36,Port Alfred,ZA,2022-01-31 21:00:57,-33.5906,26.891,75.6,94,100,7.78,overcast clouds
37,Iskateley,RU,2022-01-31 21:06:57,67.6803,53.1512,6.22,96,100,7.63,overcast clouds
38,Fortuna,US,2022-01-31 20:58:47,40.5982,-124.1573,54.48,75,75,3.0,broken clouds
39,Kununurra,AU,2022-01-31 21:06:58,-15.7667,128.7333,76.98,88,100,5.75,overcast clouds
40,Port Moresby,PG,2022-01-31 21:07:58,-9.4431,147.1797,77.61,71,100,4.63,overcast clouds
41,Kavaratti,IN,2022-01-31 21:07:59,10.5669,72.642,80.49,72,2,10.58,clear sky
42,Bredasdorp,ZA,2022-01-31 21:05:56,-34.5322,20.0403,74.28,87,69,10.18,broken clouds
43,Karwar,IN,2022-01-31 21:07:59,14.8,74.1333,72.27,67,4,5.64,clear sky
44,Saint-Pierre,RE,2022-01-31 21:01:42,-21.3393,55.4781,78.48,78,75,14.97,broken clouds
45,Cabo San Lucas,MX,2022-01-31 21:07:13,22.8909,-109.9124,78.62,59,0,5.01,clear sky
46,Severo-Kurilsk,RU,2022-01-31 21:05:51,50.6789,156.125,28.56,73,100,18.5,overcast clouds
47,Faanui,PF,2022-01-31 21:05:49,-16.4833,-151.75,81.25,71,3,18.07,clear sky
48,Rikitea,PF,2022-01-31 21:08:00,-23.1203,-134.9692,77.49,65,99,4.54,overcast clouds
49,Broome,US,2022-01-31 21:08:01,42.2506,-75.833,30.78,51,0,1.99,clear sky
50,Palauig,PH,2022-01-31 21:08:01,15.435,119.9045,75.94,75,8,6.6,clear sky
51,Kudahuvadhoo,MV,2022-01-31 21:08:02,2.6708,72.8944,82.71,75,32,11.18,scattered clouds
52,Nikolskoye,RU,2022-01-31 21:04:39,59.7035,30.7861,26.4,97,100,5.06,light snow
53,Los Llanos De Aridane,ES,2022-01-31 21:08:02,28.6585,-17.9182,58.75,71,4,5.01,clear sky
54,Oliveira Dos Brejinhos,BR,2022-01-31 21:08:03,-12.3169,-42.8961,78.21,71,52,1.59,broken clouds
55,Sibolga,ID,2022-01-31 21:08:03,1.7427,98.7792,75.16,89,32,3.31,scattered clouds
56,Carnarvon,AU,2022-01-31 21:08:04,-24.8667,113.6333,77.07,83,0,13.8,clear sky
57,Cherskiy,RU,2022-01-31 21:01:09,68.75,161.3,-16.85,96,100,3.49,overcast clouds
58,Hobart,AU,2022-01-31 21:00:06,-42.8794,147.3294,71.26,84,20,1.99,few clouds
59,Berlevag,NO,2022-01-31 21:03:11,70.8578,29.0864,17.6,67,0,11.5,clear sky
60,Bluff,NZ,2022-01-31 21:04:36,-46.6,168.3333,68.81,83,25,4.27,scattered clouds
61,Dingle,PH,2022-01-31 21:08:05,10.9995,122.6711,74.79,92,100,7.81,overcast clouds
62,Bengkulu,ID,2022-01-31 21:08:05,-3.8004,102.2655,75.65,86,99,3.2,overcast clouds
63,Kruisfontein,ZA,2022-01-31 21:08:06,-34.0033,24.7314,72.88,93,100,2.21,overcast clouds
64,Gat,IL,2022-01-31 21:06:03,31.61,34.7642,50.92,100,66,9.51,broken clouds
65,Palmer,US,2022-01-31 21:04:15,42.1584,-72.3287,30.76,40,20,1.01,few clouds
66,Gornopravdinsk,RU,2022-01-31 21:08:07,60.05,69.9,6.55,97,100,2.62,overcast clouds
67,Alappuzha,IN,2022-01-31 21:08:07,9.49,76.3264,78.67,79,14,4.65,few clouds
68,Dikson,RU,2022-01-31 21:07:48,73.5069,80.5464,-4.56,92,100,18.63,overcast clouds
69,Daru,PG,2022-01-31 21:08:08,-9.0763,143.2092,77.61,87,100,11.03,light rain
70,Vanimo,PG,2022-01-31 21:01:26,-2.6741,141.3028,75.04,83,100,6.11,overcast clouds
71,Katsuura,JP,2022-01-31 21:08:08,35.1333,140.3,39.31,46,79,6.78,broken clouds
72,Mount Isa,AU,2022-01-31 21:08:09,-20.7333,139.5,76.77,100,40,4.61,scattered clouds
73,Slave Lake,CA,2022-01-31 21:08:09,55.2834,-114.769,1.38,78,100,17.27,haze
74,Nome,US,2022-01-31 21:04:24,64.5011,-165.4064,15.87,45,0,12.66,clear sky
75,Saldanha,ZA,2022-01-31 21:08:10,-33.0117,17.9442,71.29,71,14,3.4,few clouds
76,Aykhal,RU,2022-01-31 21:00:14,66.0,111.5,-26.43,100,91,5.39,overcast clouds
77,Juneau,US,2022-01-31 21:07:20,58.3019,-134.4197,27.21,78,40,10.36,scattered clouds
78,Kenai,US,2022-01-31 21:08:11,60.5544,-151.2583,12.02,92,100,5.75,mist
79,Ewa Beach,US,2022-01-31 21:08:11,21.3156,-158.0072,78.75,59,75,5.75,broken clouds
80,Barrow,US,2022-01-31 21:04:15,71.2906,-156.7887,-14.78,76,0,9.22,clear sky
81,Airai,TL,2022-01-31 21:04:47,-8.9266,125.4092,59.77,88,90,4.14,overcast clouds
82,Tasiilaq,GL,2022-01-31 21:08:02,65.6145,-37.6368,12.36,98,98,3.91,overcast clouds
83,Xichang,CN,2022-01-31 21:08:12,27.8964,102.2634,43.16,93,98,1.68,overcast clouds
84,Castro,BR,2022-01-31 21:08:12,-24.7911,-50.0119,74.95,72,13,2.82,few clouds
85,Hare Bay,CA,2022-01-31 21:08:13,48.8499,-54.0148,29.19,67,91,8.95,overcast clouds
86,Kavieng,PG,2022-01-31 21:08:13,-2.5744,150.7967,80.31,79,100,7.74,moderate rain
87,Yulara,AU,2022-01-31 21:09:13,-25.2406,130.9889,71.44,100,75,11.5,moderate rain
88,Longyearbyen,SJ,2022-01-31 21:09:14,78.2186,15.6401,10.24,72,100,9.22,light snow
89,Taltal,CL,2022-01-31 21:05:27,-25.4,-70.4833,68.97,67,5,6.64,clear sky
90,Horta,PT,2022-01-31 21:09:15,38.5333,-28.6333,60.44,72,20,20.71,few clouds
91,Hofn,IS,2022-01-31 21:09:15,64.2539,-15.2082,29.97,84,100,2.28,overcast clouds
92,Ferentino,IT,2022-01-31 21:09:16,41.6953,13.2564,45.75,91,100,3.15,light rain
93,Saint-Philippe,RE,2022-01-31 21:09:16,-21.3585,55.7679,78.39,80,96,15.19,overcast clouds
94,San Patricio,US,2022-01-31 21:04:37,28.017,-97.5169,75.29,88,100,9.4,overcast clouds
95,Ilulissat,GL,2022-01-31 21:09:17,69.2167,-51.1,8.62,66,75,21.85,broken clouds
96,Beaverlodge,CA,2022-01-31 21:09:17,55.2166,-119.4361,2.34,83,100,6.11,overcast clouds
97,Salinas,US,2022-01-31 21:06:41,36.6777,-121.6555,63.66,57,0,3.44,clear sky
98,Victoria,HK,2022-01-31 21:06:03,22.2855,114.1577,57.94,88,99,4.0,overcast clouds
99,Caravelas,BR,2022-01-31 21:09:18,-17.7125,-39.2481,80.69,80,1,9.84,clear sky
100,Vaini,TO,2022-01-31 21:09:18,-21.2,-175.2,79.81,75,100,14.41,light rain
101,Lockport,US,2022-01-31 21:09:16,41.5895,-88.0578,35.11,68,0,7.0,clear sky
102,Saint Anthony,US,2022-01-31 21:09:18,45.0205,-93.218,29.25,72,0,7.0,clear sky
103,Mombetsu,JP,2022-01-31 21:09:19,44.3525,143.3525,21.45,74,79,13.78,broken clouds
104,Ishigaki,JP,2022-01-31 21:09:19,24.3448,124.1572,66.02,63,99,15.73,overcast clouds
105,Makakilo City,US,2022-01-31 21:04:37,21.3469,-158.0858,77.32,59,75,5.75,broken clouds
106,Truth Or Consequences,US,2022-01-31 21:07:45,33.1284,-107.2528,61.92,29,0,3.44,clear sky
107,Nevsehir,TR,2022-01-31 21:09:20,38.9167,34.6667,27.61,100,100,3.44,mist
108,Saint-Joseph,RE,2022-01-31 21:09:20,-21.3667,55.6167,77.38,80,97,15.95,overcast clouds
109,Ust-Kan,RU,2022-01-31 21:09:21,50.9276,84.761,9.05,96,100,1.88,overcast clouds
110,Chipata,ZM,2022-01-31 21:09:21,-13.6333,32.65,63.48,93,30,3.27,scattered clouds
111,Bambous Virieux,MU,2022-01-31 21:09:22,-20.3428,57.7575,80.22,79,27,24.23,light rain
112,Wukari,NG,2022-01-31 21:09:22,7.85,9.7833,75.4,17,4,6.87,clear sky
113,Lebu,CL,2022-01-31 21:08:04,-37.6167,-73.65,61.18,66,0,19.33,clear sky
114,New Norfolk,AU,2022-01-31 21:04:46,-42.7826,147.0587,70.92,76,16,3.04,few clouds
115,Ulladulla,AU,2022-01-31 21:09:23,-35.35,150.4667,73.87,82,1,1.74,clear sky
116,Saint-Francois,FR,2022-01-31 21:09:23,46.4154,3.9054,37.42,86,0,8.05,clear sky
117,Buala,SB,2022-01-31 21:09:23,-8.145,159.5921,81.91,78,94,3.51,overcast clouds
118,Pacific Grove,US,2022-01-31 21:09:24,36.6177,-121.9166,63.41,63,0,3.0,clear sky
119,Mukhen,RU,2022-01-31 21:09:24,48.1,136.1,-5.01,96,92,4.45,overcast clouds
120,Yellowknife,CA,2022-01-31 21:04:43,62.456,-114.3525,-6.59,87,46,11.56,scattered clouds
121,Nyrob,RU,2022-01-31 21:09:25,60.733,56.7202,-6.5,100,62,2.73,broken clouds
122,Shache,CN,2022-01-31 21:09:25,38.4167,77.2406,28.08,37,100,2.84,overcast clouds
123,Gizo,SB,2022-01-31 21:09:26,-8.103,156.8419,82.94,76,100,6.51,overcast clouds
124,Amberley,US,2022-01-31 21:09:26,39.2048,-84.428,41.56,53,0,1.99,clear sky
125,Bethel,US,2022-01-31 21:09:26,41.3712,-73.414,30.6,41,0,0.0,clear sky
126,Minab,IR,2022-01-31 21:09:27,27.1467,57.0801,63.9,68,0,2.64,clear sky
127,Georgetown,MY,2022-01-31 21:09:27,5.4112,100.3354,80.89,79,20,0.0,few clouds
128,Butaritari,KI,2022-01-31 21:09:28,3.0707,172.7902,81.34,78,96,14.83,light rain
129,Chuy,UY,2022-01-31 21:09:28,-33.6971,-53.4616,69.85,56,50,16.51,scattered clouds
130,Kombissiri,BF,2022-01-31 21:09:28,12.0656,-1.3375,75.34,14,1,10.89,clear sky
131,Beidao,CN,2022-01-31 21:09:29,34.5686,105.8933,16.09,92,80,0.72,broken clouds
132,Karratha,AU,2022-01-31 21:07:27,-20.7377,116.8463,81.91,83,97,13.4,light rain
133,Santa Cruz Del Sur,CU,2022-01-31 21:09:29,20.7147,-77.9956,76.71,53,97,17.2,light rain
134,Obo,CF,2022-01-31 21:09:30,5.3998,26.4869,73.92,23,98,4.38,overcast clouds
135,Qasigiannguit,GL,2022-01-31 21:09:30,68.8193,-51.1922,8.85,79,100,9.4,overcast clouds
136,Codrington,AU,2022-01-31 21:06:37,-38.2667,141.9667,62.8,72,50,14.61,scattered clouds
137,East London,ZA,2022-01-31 21:05:51,-33.0153,27.9116,77.07,81,100,2.64,overcast clouds
138,Karpathos,GR,2022-01-31 21:10:31,35.507,27.2132,51.76,62,6,4.61,clear sky
139,Geraldton,AU,2022-01-31 21:10:32,-28.7667,114.6,68.41,64,13,12.66,few clouds
140,At-Bashi,KG,2022-01-31 21:10:32,41.1702,75.8106,-0.44,68,77,2.98,broken clouds
141,Manokwari,ID,2022-01-31 21:10:33,-0.8667,134.0833,75.87,80,100,11.14,overcast clouds
142,Sola,VU,2022-01-31 21:02:47,-13.8833,167.55,81.84,75,100,13.94,moderate rain
143,Byron Bay,AU,2022-01-31 21:10:33,-28.65,153.6167,78.87,86,26,2.62,scattered clouds
144,Thompson,CA,2022-01-31 21:10:34,55.7435,-97.8558,6.93,89,100,6.78,overcast clouds
145,Chapais,CA,2022-01-31 21:08:33,49.7834,-74.8492,-2.43,87,100,2.8,overcast clouds
146,Loandjili,CG,2022-01-31 21:10:34,-4.7561,11.8578,79.61,85,98,5.37,overcast clouds
147,Luderitz,NA,2022-01-31 21:10:35,-26.6481,15.1594,66.15,85,8,1.68,clear sky
148,Zhezkazgan,KZ,2022-01-31 21:10:05,47.8043,67.7144,0.34,99,96,5.21,overcast clouds
149,Roald,NO,2022-01-31 21:10:35,62.5833,6.1333,33.01,93,75,10.36,broken clouds
150,Constitucion,CL,2022-01-31 21:10:36,-35.3333,-72.4167,67.37,58,0,14.92,clear sky
151,Izhma,RU,2022-01-31 21:10:36,65.0083,53.9113,0.36,98,100,4.74,overcast clouds
152,Marechal Candido Rondon,BR,2022-01-31 21:10:36,-24.5561,-54.0567,79.79,57,64,3.04,broken clouds
153,Alice Springs,AU,2022-01-31 21:10:37,-23.7,133.8833,76.55,83,100,17.27,overcast clouds
154,Kungurtug,RU,2022-01-31 21:10:37,50.5994,97.5228,-20.92,98,42,1.57,scattered clouds
155,Nantucket,US,2022-01-31 21:06:37,41.2835,-70.0995,28.54,52,0,5.75,clear sky
156,Muisne,EC,2022-01-31 21:10:38,0.6,-80.0333,80.71,82,94,4.76,overcast clouds
157,Hithadhoo,MV,2022-01-31 21:10:38,-0.6,73.0833,82.4,72,32,9.35,scattered clouds
158,Bereda,ES,2022-01-31 21:10:39,43.2686,-7.5406,46.92,96,43,8.14,scattered clouds
159,Sinnamary,GF,2022-01-31 21:10:39,5.3833,-52.95,78.35,82,100,10.16,overcast clouds
160,Salalah,OM,2022-01-31 21:09:50,17.0151,54.0924,69.89,73,20,4.61,few clouds
161,Vao,NC,2022-01-31 21:10:40,-22.6667,167.4833,77.56,85,100,9.69,overcast clouds
162,Nacala,MZ,2022-01-31 21:10:40,-14.5428,40.6728,74.88,88,7,4.72,clear sky
163,Kamenka,RU,2022-01-31 21:10:41,51.3223,42.7678,32.76,94,100,18.88,light snow
164,Umm Lajj,SA,2022-01-31 21:10:41,25.0213,37.2685,61.57,53,5,12.15,clear sky
165,Mar Del Plata,AR,2022-01-31 21:08:51,-38.0023,-57.5575,68.02,49,0,11.99,clear sky
166,Carutapera,BR,2022-01-31 21:10:42,-1.195,-46.02,77.4,88,98,6.15,overcast clouds
167,Bonnyville,CA,2022-01-31 21:10:42,54.2668,-110.735,2.64,85,100,17.29,overcast clouds
168,Khatanga,RU,2022-01-31 21:10:42,71.9667,102.5,-28.03,100,63,2.66,broken clouds
169,Springbok,ZA,2022-01-31 21:10:43,-29.6643,17.8865,73.98,58,1,1.01,clear sky
170,Zhigansk,RU,2022-01-31 21:10:44,66.7697,123.3711,-31.09,99,87,7.9,overcast clouds
171,Chlorakas,CY,2022-01-31 21:10:44,34.8042,32.4083,45.63,89,40,6.91,scattered clouds
172,Lompoc,US,2022-01-31 21:10:44,34.6391,-120.4579,67.21,62,0,3.44,clear sky
173,Petropavlovsk-Kamchatskiy,RU,2022-01-31 21:10:45,53.0452,158.6483,27.19,59,75,24.61,light snow
174,Manta,EC,2022-01-31 21:10:45,-0.95,-80.7333,76.78,88,75,4.61,light rain
175,Tiksi,RU,2022-01-31 21:10:46,71.6872,128.8694,-11.43,99,100,6.82,overcast clouds
176,Brae,GB,2022-01-31 21:01:32,60.3964,-1.353,39.11,97,100,12.28,overcast clouds
177,Tigil,RU,2022-01-31 21:10:46,57.8,158.6667,8.98,85,4,9.06,clear sky
178,Oyama,JP,2022-01-31 21:10:47,36.3,139.8,39.58,44,0,2.93,clear sky
179,Sept-Iles,CA,2022-01-31 21:08:50,50.2001,-66.3821,10.06,52,65,10.0,broken clouds
180,Jiazi,CN,2022-01-31 21:10:47,22.8779,116.067,53.64,87,100,12.33,overcast clouds
181,Narsaq,GL,2022-01-31 21:08:00,60.9167,-46.05,26.82,95,100,9.75,snow
182,Belmonte,BR,2022-01-31 21:10:48,-15.8631,-38.8828,82.9,79,52,10.83,broken clouds
183,Souillac,MU,2022-01-31 21:11:48,-20.5167,57.5167,80.37,82,78,23.04,light rain
184,Viedma,AR,2022-01-31 21:10:25,-40.8135,-62.9967,79.93,15,44,11.68,scattered clouds
185,Muros,ES,2022-01-31 21:11:49,42.7762,-9.0603,52.09,73,10,15.55,clear sky
186,Sawakin,SD,2022-01-31 21:11:49,19.1059,37.3321,70.38,55,82,14.27,broken clouds
187,Halifax,CA,2022-01-31 21:09:06,44.6453,-63.5724,24.69,56,99,5.99,overcast clouds
188,Hami,CN,2022-01-31 21:11:50,42.8,93.45,21.29,37,0,3.11,clear sky
189,Qaanaaq,GL,2022-01-31 21:11:50,77.484,-69.3632,-21.33,44,0,7.9,clear sky
190,Troitskoye,RU,2022-01-31 21:11:51,52.9821,84.6757,12.16,97,100,4.16,overcast clouds
191,Brigantine,US,2022-01-31 21:11:51,39.4101,-74.3646,36.27,60,0,12.66,clear sky
192,Esperance,AU,2022-01-31 21:11:07,-33.8667,121.9,61.45,57,91,15.32,overcast clouds
193,Kohlu,PK,2022-01-31 21:11:52,29.8962,69.252,51.58,37,0,5.64,clear sky
194,Kleive,NO,2022-01-31 21:11:52,62.7954,7.6359,32.32,93,75,5.75,light snow
195,Tecoanapa,MX,2022-01-31 21:11:53,16.5167,-98.75,83.8,56,0,11.86,clear sky
196,Pisco,PE,2022-01-31 21:11:53,-13.7,-76.2167,75.25,64,0,21.85,clear sky
197,Flinders,AU,2022-01-31 21:05:52,-34.5833,150.8552,74.05,91,15,5.99,few clouds
198,Kalabo,ZM,2022-01-31 21:11:54,-14.97,22.6814,68.65,71,100,3.53,overcast clouds
199,Carnduff,CA,2022-01-31 21:11:54,49.1667,-101.8009,36.37,98,100,10.98,overcast clouds
200,Hilo,US,2022-01-31 21:11:55,19.7297,-155.09,80.33,58,20,6.91,few clouds
201,Mayo,US,2022-01-31 21:11:55,38.8876,-76.5119,38.41,57,0,5.99,clear sky
202,Chunskiy,RU,2022-01-31 21:11:55,56.0815,99.6342,-14.24,100,100,1.5,overcast clouds
203,Banff,CA,2022-01-31 21:07:08,51.1762,-115.5698,13.91,88,98,4.25,snow
204,Kaitangata,NZ,2022-01-31 21:11:56,-46.2817,169.8464,65.53,71,32,2.62,scattered clouds
205,Olafsvik,IS,2022-01-31 21:07:58,64.8945,-23.7142,32.59,91,81,8.5,snow
206,College,US,2022-01-31 21:11:57,64.8569,-147.8028,-6.77,72,0,0.0,clear sky
207,Seydisehir,TR,2022-01-31 21:11:57,37.4193,31.8453,23.58,97,82,3.85,broken clouds
208,Adrar,MR,2022-01-31 21:11:58,20.5022,-10.0711,76.87,13,100,10.89,overcast clouds
209,Nanortalik,GL,2022-01-31 21:11:58,60.1432,-45.2371,26.71,88,100,15.66,snow
210,Rocha,UY,2022-01-31 21:08:44,-34.4833,-54.3333,68.05,54,15,12.68,few clouds
211,Axim,GH,2022-01-31 21:08:01,4.8699,-2.2405,78.89,80,99,6.85,overcast clouds
212,Lubao,PH,2022-01-31 21:11:59,14.9167,120.55,77.14,83,48,7.52,scattered clouds
213,Conroe,US,2022-01-31 21:11:59,30.3119,-95.456,59.72,95,100,8.05,moderate rain
214,San Policarpo,PH,2022-01-31 21:12:00,12.1791,125.5072,78.31,83,83,8.7,broken clouds
215,Ostrovnoy,RU,2022-01-31 21:12:00,68.0531,39.5131,8.69,93,98,5.97,overcast clouds
216,Serenje,ZM,2022-01-31 21:12:01,-13.2325,30.2352,60.13,98,14,1.88,few clouds
217,Ust-Ilimsk,RU,2022-01-31 21:12:01,58.0006,102.6619,-1.53,99,100,2.01,overcast clouds
218,Maracaju,BR,2022-01-31 21:12:02,-21.6144,-55.1683,83.62,51,60,3.44,broken clouds
219,Batticaloa,LK,2022-01-31 21:12:02,7.7102,81.6924,79.2,69,100,9.19,overcast clouds
220,Labytnangi,RU,2022-01-31 21:12:03,66.6572,66.4183,-21.03,100,60,3.89,broken clouds
221,Upernavik,GL,2022-01-31 21:09:02,72.7868,-56.1549,-19.95,100,87,2.84,overcast clouds
222,Guangyuan,CN,2022-01-31 21:12:03,32.442,105.823,40.01,91,100,2.04,overcast clouds
223,Port Blair,IN,2022-01-31 21:12:04,11.6667,92.75,73.27,75,63,5.84,broken clouds
224,Buraydah,SA,2022-01-31 21:12:04,26.326,43.975,59.07,28,29,4.12,scattered clouds
225,Rapid Valley,US,2022-01-31 21:12:05,44.0625,-103.1463,54.72,30,100,3.0,overcast clouds
226,Okha,RU,2022-01-31 21:12:05,53.5739,142.9478,3.78,91,99,25.3,overcast clouds
227,Sitka,US,2022-01-31 21:13:06,57.0531,-135.33,35.49,80,100,3.44,light rain
228,Hovd,MN,2022-01-31 21:13:06,48.0056,91.6419,-13.38,80,17,2.01,few clouds
229,Pringsewu,ID,2022-01-31 21:13:06,-5.3582,104.9744,73.08,95,100,1.7,overcast clouds
230,Tabas,IR,2022-01-31 21:13:07,33.5959,56.9244,48.45,25,93,2.75,overcast clouds
231,Burkburnett,US,2022-01-31 21:13:07,34.0979,-98.5706,72.32,33,20,4.0,few clouds
232,Russell,US,2022-01-31 21:10:02,32.3502,-85.1999,66.96,28,0,5.75,clear sky
233,Rio Das Ostras,BR,2022-01-31 21:13:08,-22.5269,-41.945,80.53,90,100,3.8,light rain
234,Panjab,AF,2022-01-31 21:13:08,34.388,67.0233,-7.69,75,2,4.38,clear sky
235,Itacare,BR,2022-01-31 21:13:09,-14.2775,-38.9967,80.19,81,5,6.85,clear sky
236,Walvis Bay,NA,2022-01-31 21:13:09,-22.9575,14.5053,70.09,79,100,7.25,overcast clouds
237,Xinyang,CN,2022-01-31 21:13:09,32.1228,114.0656,33.04,62,100,4.88,light snow
238,San Joaquin,US,2022-01-31 21:13:10,37.9333,-121.3011,63.99,61,0,9.22,clear sky
239,Pathein,MM,2022-01-31 21:13:10,16.7833,94.7333,62.67,68,87,4.45,overcast clouds
240,Chilca,PE,2022-01-31 21:13:11,-12.5211,-76.7372,78.96,77,25,7.4,scattered clouds
241,Trairi,BR,2022-01-31 21:13:11,-3.2778,-39.2689,80.01,77,40,12.19,scattered clouds
242,Batagay,RU,2022-01-31 21:13:11,67.6333,134.6333,-28.19,98,100,1.16,overcast clouds
243,Voznesenye,RU,2022-01-31 21:13:12,61.0106,35.4781,18.23,94,100,7.92,overcast clouds
244,Presidencia Roque Saenz Pena,AR,2022-01-31 21:13:12,-26.7852,-60.4388,103.75,8,52,9.91,broken clouds
245,Stornoway,GB,2022-01-31 21:13:13,58.2093,-6.3865,48.16,94,100,7.0,overcast clouds
246,Zhongxing,CN,2022-01-31 21:13:13,33.7039,118.6792,30.99,36,99,6.22,overcast clouds
247,Olinda,BR,2022-01-31 21:13:14,-8.0089,-34.8553,82.13,74,40,6.91,scattered clouds
248,Paro,BT,2022-01-31 21:13:14,27.4305,89.4133,32.49,94,100,0.89,light snow
249,Corinto,GR,2022-01-31 21:05:56,37.9407,22.9573,54.68,79,100,2.95,overcast clouds
250,Pevek,RU,2022-01-31 21:13:15,69.7008,170.3133,-16.67,96,100,0.11,overcast clouds
251,Heilbron,ZA,2022-01-31 21:13:15,-27.2812,27.9709,68.38,62,100,2.21,overcast clouds
252,Kodiak,US,2022-01-31 21:13:16,57.79,-152.4072,26.11,80,100,0.0,overcast clouds
253,Kochi,IN,2022-01-31 21:08:30,9.9399,76.2602,76.98,82,1,5.66,clear sky
254,Saskylakh,RU,2022-01-31 21:04:41,71.9167,114.0833,-28.52,100,91,2.06,overcast clouds
255,Karaton,ID,2022-01-31 21:13:17,-6.3424,106.1045,77.16,89,100,2.08,overcast clouds
256,Gualaceo,EC,2022-01-31 21:13:17,-2.9,-78.7833,62.26,85,100,2.66,moderate rain
257,Santiago Del Estero,AR,2022-01-31 21:13:17,-27.7951,-64.2615,99.01,17,26,3.09,scattered clouds
258,Nelidovo,RU,2022-01-31 21:13:18,56.2211,32.7774,23.92,99,100,1.59,overcast clouds
259,Zhangye,CN,2022-01-31 21:13:18,38.9342,100.4517,18.57,33,100,3.89,overcast clouds
260,Deputatskiy,RU,2022-01-31 21:13:19,69.3,139.9,-25.62,100,61,4.05,broken clouds
261,Aksu,CN,2022-01-31 21:13:20,41.1231,80.2644,26.46,44,10,3.87,clear sky
262,Tuatapere,NZ,2022-01-31 21:13:20,-46.1333,167.6833,68.83,73,50,1.79,scattered clouds
263,Kulhudhuffushi,MV,2022-01-31 21:13:20,6.6221,73.07,81.72,72,0,10.69,clear sky
264,Urupes,BR,2022-01-31 21:13:21,-21.2017,-49.29,71.33,93,100,4.45,overcast clouds
265,Pangody,RU,2022-01-31 21:13:21,65.85,74.4859,-11.49,100,100,5.7,overcast clouds
266,Sabha,LY,2022-01-31 21:13:22,27.0377,14.4283,50.95,43,0,7.31,clear sky
267,Nalut,LY,2022-01-31 21:13:22,30.3333,10.85,48.27,37,28,9.93,scattered clouds
268,Sangar,RU,2022-01-31 21:13:23,63.9242,127.4739,-37.26,100,100,0.87,overcast clouds
269,Teguise,ES,2022-01-31 21:13:23,29.0605,-13.564,66.42,46,0,13.8,clear sky
270,Murovani Kurylivtsi,UA,2022-01-31 21:13:24,48.7235,27.5189,27.93,90,100,7.56,overcast clouds
271,Kothapet,IN,2022-01-31 21:14:24,19.3333,79.4833,66.42,30,59,2.24,broken clouds
272,Anadyr,RU,2022-01-31 21:14:25,64.75,177.4833,9.1,72,0,13.42,clear sky
273,Fairbanks,US,2022-01-31 21:09:44,64.8378,-147.7164,-6.75,70,0,0.0,clear sky
274,Kpandae,GH,2022-01-31 21:14:25,8.4689,-0.0113,82.83,11,100,5.66,overcast clouds
275,Namibe,AO,2022-01-31 21:14:26,-15.1961,12.1522,72.5,74,94,8.37,overcast clouds
276,Gold Coast,AU,2022-01-31 21:11:09,-28.0,153.4333,81.37,83,71,5.01,broken clouds
277,Ust-Nera,RU,2022-01-31 21:14:26,64.5667,143.2,-12.12,100,100,1.12,overcast clouds
278,Bukachacha,RU,2022-01-31 21:14:27,52.9833,116.9167,-16.96,98,13,3.69,few clouds
279,Batemans Bay,AU,2022-01-31 21:14:27,-35.7167,150.1833,72.19,91,7,2.26,clear sky
280,Laplace,US,2022-01-31 21:14:24,30.0666,-90.4801,71.1,51,100,8.99,overcast clouds
281,Bowen,AU,2022-01-31 21:14:28,-20.0167,148.2333,79.99,80,18,4.79,few clouds
282,Lata,PT,2022-01-31 21:13:30,40.1629,-8.3327,45.05,68,0,3.71,clear sky
283,Ambilobe,MG,2022-01-31 21:14:28,-13.2,49.05,74.43,93,86,2.15,overcast clouds
284,Buwenge,UG,2022-01-31 21:14:29,0.6422,33.1744,67.64,76,100,3.15,overcast clouds
285,Noyabrsk,RU,2022-01-31 21:14:29,63.1994,75.4507,5.63,96,99,7.83,overcast clouds
286,Port Elizabeth,ZA,2022-01-31 21:10:33,-33.918,25.5701,75.09,93,100,6.69,overcast clouds
287,Clyde River,CA,2022-01-31 21:10:03,70.4692,-68.5914,-30.77,68,0,3.44,haze
288,Katherine,AU,2022-01-31 21:14:30,-14.4667,132.2667,75.52,88,100,2.3,overcast clouds
289,Xuddur,SO,2022-01-31 21:14:30,4.1213,43.8894,72.86,72,51,17.0,broken clouds
290,Majene,ID,2022-01-31 21:14:31,-3.5403,118.9707,77.16,82,100,7.29,overcast clouds
291,Itarema,BR,2022-01-31 21:14:31,-2.9248,-39.9167,80.8,78,21,15.41,few clouds
292,Nakusp,CA,2022-01-31 21:14:32,50.2499,-117.8023,39.54,52,50,4.61,scattered clouds
293,Oranjemund,NA,2022-01-31 21:14:32,-28.55,16.4333,67.6,83,0,4.21,clear sky
294,Big Rapids,US,2022-01-31 21:14:32,43.6981,-85.4837,30.74,71,100,8.05,overcast clouds
295,Santo Domingo,DO,2022-01-31 21:14:33,18.5001,-69.9886,80.92,74,75,1.99,broken clouds
296,Turukhansk,RU,2022-01-31 21:10:58,65.8167,87.9833,10.33,94,100,13.04,light snow
297,Praia Da Vitoria,PT,2022-01-31 21:14:33,38.7333,-27.0667,59.76,85,45,20.47,scattered clouds
298,Along,IN,2022-01-31 21:14:34,28.1667,94.7667,46.45,94,83,1.14,broken clouds
299,Sao Gabriel Da Cachoeira,BR,2022-01-31 21:14:34,-0.1303,-67.0892,82.87,71,95,1.16,overcast clouds
300,Bani Walid,LY,2022-01-31 21:14:34,31.7566,13.9942,52.59,35,36,11.34,scattered clouds
301,Tchibanga,GA,2022-01-31 21:14:35,-2.85,11.0333,72.61,92,88,2.48,overcast clouds
302,Rawson,AR,2022-01-31 21:14:35,-43.3002,-65.1023,76.21,24,80,8.37,broken clouds
303,Bintulu,MY,2022-01-31 21:14:36,3.1667,113.0333,77.0,87,91,4.05,heavy intensity rain
304,Ajdabiya,LY,2022-01-31 21:14:36,30.7554,20.2263,55.31,75,10,10.09,clear sky
305,El Cobre,CU,2022-01-31 21:14:36,20.0489,-75.9469,78.24,61,40,16.11,scattered clouds
306,Mountrath,IE,2022-01-31 21:14:37,52.9989,-7.4728,47.79,84,100,15.28,overcast clouds
307,Toamasina,MG,2022-01-31 21:14:37,-18.1667,49.3833,75.2,88,20,6.91,few clouds
308,Ballina,AU,2022-01-31 21:14:38,-28.8667,153.5667,76.78,92,21,3.51,few clouds
309,Cayenne,GF,2022-01-31 21:14:38,4.9333,-52.3333,81.09,82,40,3.0,scattered clouds
310,Korampallam,IN,2022-01-31 21:14:38,8.7667,78.1,76.73,80,0,8.86,clear sky
311,Buta,CD,2022-01-31 21:14:39,2.7858,24.73,72.12,40,62,3.13,broken clouds
312,Penaflor,CL,2022-01-31 21:14:39,-33.6167,-70.9167,89.49,34,0,12.86,clear sky
313,Valdosta,US,2022-01-31 21:13:00,30.8327,-83.2785,69.39,32,0,3.44,clear sky
314,Gwadar,PK,2022-01-31 21:14:40,25.1216,62.3254,71.49,68,0,4.74,clear sky
315,Jacareacanga,BR,2022-01-31 21:14:40,-6.2222,-57.7528,80.69,88,100,1.66,overcast clouds
316,Leopoldshohe,DE,2022-01-31 21:14:40,52.0125,8.6983,38.08,91,100,8.28,overcast clouds
317,Te Anau,NZ,2022-01-31 21:14:41,-45.4167,167.7167,63.0,73,82,1.12,broken clouds
318,Sorong,ID,2022-01-31 21:14:41,-0.8833,131.25,79.54,77,86,16.22,overcast clouds
319,Kysyl-Syr,RU,2022-01-31 21:15:42,63.8986,122.7617,-30.71,100,52,3.94,broken clouds
320,Necochea,AR,2022-01-31 21:15:42,-38.5473,-58.7368,70.03,39,100,7.05,overcast clouds
321,Amberieu-En-Bugey,FR,2022-01-31 21:15:43,45.9589,5.3432,40.46,91,79,9.26,broken clouds
322,Coahuayana,MX,2022-01-31 21:13:27,18.7333,-103.6833,90.88,46,0,7.27,clear sky
323,Tibagi,BR,2022-01-31 21:15:43,-24.5094,-50.4136,77.68,70,8,3.62,clear sky
324,Camrose,CA,2022-01-31 21:15:06,53.0168,-112.8353,6.53,60,100,20.24,overcast clouds
325,Arlit,NE,2022-01-31 21:15:44,18.7369,7.3853,59.02,17,0,9.1,clear sky
326,Yoichi,JP,2022-01-31 21:15:45,43.2039,140.7703,16.77,70,62,9.82,broken clouds
327,Gulu,UG,2022-01-31 21:15:45,2.7746,32.299,74.73,52,99,7.45,overcast clouds
328,Chokurdakh,RU,2022-01-31 21:15:46,70.6333,147.9167,-17.81,97,100,1.97,overcast clouds
329,Leningradskiy,RU,2022-01-31 21:15:46,69.3833,178.4167,-18.69,95,31,8.59,scattered clouds
330,Svetlaya,RU,2022-01-31 21:11:15,46.5389,138.3297,5.86,74,10,9.91,clear sky
331,Hit,IQ,2022-01-31 21:15:46,33.6416,42.8251,48.38,76,100,9.28,overcast clouds
332,Udachnyy,RU,2022-01-31 21:15:47,66.4167,112.4,-35.0,100,84,3.44,broken clouds
333,Pochutla,MX,2022-01-31 21:15:47,15.7432,-96.4661,85.82,50,0,12.17,clear sky
334,Warka,PL,2022-01-31 21:15:48,51.7843,21.1909,32.92,80,100,5.41,overcast clouds
335,Calvia,ES,2022-01-31 21:15:49,39.5657,2.5062,50.41,78,26,16.84,scattered clouds
336,Damara,CF,2022-01-31 21:15:50,4.9608,18.7035,76.73,21,57,2.26,broken clouds
337,Belyy Yar,RU,2022-01-31 21:05:09,53.6039,91.3903,-22.11,82,58,0.0,mist
338,Tazovskiy,RU,2022-01-31 21:15:50,67.4667,78.7,-2.13,98,100,6.53,overcast clouds
339,Kaeo,NZ,2022-01-31 21:15:50,-35.1,173.7833,71.33,89,100,14.76,overcast clouds
340,Massaguet,TD,2022-01-31 21:15:51,12.4755,15.4365,68.67,13,2,13.76,clear sky
341,Niquelandia,BR,2022-01-31 21:15:51,-14.4739,-48.4597,73.63,91,100,1.07,overcast clouds
342,Hamilton,US,2022-01-31 21:15:52,39.1834,-84.5333,42.24,54,0,3.0,clear sky
343,Tuscaloosa,US,2022-01-31 21:14:56,33.2098,-87.5692,67.89,31,0,5.75,clear sky
344,Guanica,PR,2022-01-31 21:15:52,17.9716,-66.908,82.15,68,18,4.0,few clouds
345,Phuket,TH,2022-01-31 21:15:53,8.0,98.25,77.22,88,75,2.3,broken clouds
346,Katobu,ID,2022-01-31 21:15:53,-4.9408,122.5276,74.97,89,98,6.29,overcast clouds
347,Santa Helena,BR,2022-01-31 21:15:54,-2.2311,-45.3,78.58,84,91,3.71,overcast clouds
348,Nhamunda,BR,2022-01-31 21:15:54,-2.1861,-56.7131,83.21,72,66,3.49,broken clouds
349,Monrovia,LR,2022-01-31 21:15:54,6.3005,-10.7969,79.86,86,15,8.61,few clouds
350,Sao Joao Da Barra,BR,2022-01-31 21:15:55,-21.6403,-41.0511,82.49,90,96,6.55,moderate rain
351,Ziro,IN,2022-01-31 21:15:55,27.6333,93.8333,31.48,94,59,1.36,broken clouds
352,Ossora,RU,2022-01-31 21:15:56,59.2353,163.0719,19.76,94,100,18.14,snow
353,Barra Do Corda,BR,2022-01-31 21:15:56,-5.5,-45.25,78.42,89,11,2.39,few clouds
354,Tonota,BW,2022-01-31 21:15:57,-21.4833,27.4833,72.34,63,44,10.0,scattered clouds
355,Sitrah,BH,2022-01-31 21:15:57,26.1547,50.6206,66.2,70,0,3.0,clear sky
356,Raudeberg,NO,2022-01-31 21:15:58,61.9875,5.1352,31.87,90,100,1.99,overcast clouds
357,Nabire,ID,2022-01-31 21:15:58,-3.3667,135.4833,73.9,89,100,1.43,overcast clouds
358,Bairiki,KI,2022-01-31 21:15:59,1.3292,172.9752,84.2,79,40,12.66,scattered clouds
359,Hope,US,2022-01-31 21:15:59,33.6671,-93.5916,69.15,41,5,7.81,clear sky
360,Champerico,GT,2022-01-31 21:15:59,14.3,-91.9167,86.54,61,6,12.15,clear sky
361,Namatanai,PG,2022-01-31 21:16:00,-3.6667,152.4333,79.39,81,100,2.73,light rain
362,Naze,JP,2022-01-31 21:16:00,28.3667,129.4833,52.23,67,36,7.61,scattered clouds
363,Krapkowice,PL,2022-01-31 21:17:01,50.4752,17.9654,33.44,92,100,4.43,overcast clouds
364,Mkushi,ZM,2022-01-31 21:17:01,-13.6202,29.3939,61.05,97,12,2.44,few clouds
365,Benjamin Constant,BR,2022-01-31 21:17:02,-4.3831,-70.0311,91.53,55,40,2.3,scattered clouds
366,Haines Junction,CA,2022-01-31 21:17:02,60.7522,-137.5108,-14.85,64,95,1.14,overcast clouds
367,Kundiawa,PG,2022-01-31 21:17:03,-6.0167,144.9667,62.2,96,100,1.59,overcast clouds
368,Yar-Sale,RU,2022-01-31 21:17:03,66.8333,70.8333,-15.83,100,93,5.44,overcast clouds
369,Dakar,SN,2022-01-31 21:17:04,14.6937,-17.4441,72.48,83,99,9.22,dust
370,Puerto Escondido,MX,2022-01-31 21:17:04,15.85,-97.0667,86.83,58,20,11.5,few clouds
371,San Quintin,MX,2022-01-31 21:17:04,30.4833,-115.95,64.92,50,66,10.2,broken clouds
372,Cockburn Town,TC,2022-01-31 21:15:19,21.4612,-71.1419,72.9,75,99,23.71,overcast clouds
373,Cancun,MX,2022-01-31 21:15:32,21.1743,-86.8466,71.53,60,75,11.5,broken clouds
374,Dauriya,RU,2022-01-31 21:17:05,49.9333,116.8667,-24.9,100,49,2.53,scattered clouds
375,Chirkey,RU,2022-01-31 21:17:06,42.9613,46.9787,32.95,66,100,2.93,overcast clouds
376,Tadine,NC,2022-01-31 21:17:06,-21.55,167.8833,78.08,87,100,0.78,overcast clouds
377,Itoman,JP,2022-01-31 21:17:07,26.1247,127.6694,59.02,74,75,6.91,broken clouds
378,Ginir,ET,2022-01-31 21:17:07,7.1333,40.7,58.01,17,100,5.48,overcast clouds
379,Panama City,PA,2022-01-31 21:16:01,8.9936,-79.5197,88.18,54,40,4.0,scattered clouds
380,Ontario,US,2022-01-31 21:16:05,34.0633,-117.6509,68.0,39,75,1.99,haze
381,Wichita Falls,US,2022-01-31 21:17:08,33.9137,-98.4934,72.41,32,0,6.91,clear sky
382,Sobolevo,RU,2022-01-31 21:17:08,54.4299,31.8996,24.78,98,100,3.85,snow
383,Norman Wells,CA,2022-01-31 21:17:09,65.282,-126.8329,5.04,72,100,16.11,light snow
384,Port Lincoln,AU,2022-01-31 21:15:05,-34.7333,135.8667,63.97,73,43,18.01,scattered clouds
385,Puerto Ayacucho,VE,2022-01-31 21:17:09,5.6639,-67.6236,94.78,23,58,6.2,broken clouds
386,Sikeston,US,2022-01-31 21:17:10,36.8767,-89.5879,58.89,38,0,9.22,clear sky
387,Maple Creek,CA,2022-01-31 21:15:05,49.9168,-109.4848,11.97,79,100,27.63,overcast clouds
388,Rio Grande,BR,2022-01-31 21:17:10,-32.035,-52.0986,78.91,77,29,20.09,scattered clouds
389,Bafq,IR,2022-01-31 21:17:11,31.6128,55.4107,50.14,28,68,3.58,broken clouds
390,Lagoa,PT,2022-01-31 21:17:11,39.05,-27.9833,58.64,77,21,24.18,few clouds
391,Iqaluit,CA,2022-01-31 21:17:12,63.7506,-68.5145,-27.31,74,20,1.99,few clouds
392,Pho Chai,TH,2022-01-31 21:17:12,16.3283,103.7703,72.09,68,57,8.75,broken clouds
393,Abu Ghosh,IL,2022-01-31 21:17:13,31.8059,35.1093,44.15,84,74,8.14,broken clouds
394,Fort Pierce,US,2022-01-31 21:17:13,27.4467,-80.3256,69.1,48,0,1.99,clear sky
395,Bisho,ZA,2022-01-31 21:17:13,-32.8472,27.4422,71.89,70,100,1.86,overcast clouds
396,Svetlogorsk,BY,2022-01-31 21:17:14,52.6333,29.7333,25.36,91,100,12.5,overcast clouds
397,Kaohsiung,TW,2022-01-31 21:16:40,22.6163,120.3133,64.35,80,75,1.01,broken clouds
398,Zakamensk,RU,2022-01-31 21:17:14,50.3741,103.2863,-13.36,96,21,3.15,few clouds
399,Smidovich,RU,2022-01-31 21:17:15,48.6,133.8167,-24.43,100,66,0.69,broken clouds
400,Bodden Town,KY,2022-01-31 21:17:15,19.2833,-81.25,77.0,59,40,8.99,scattered clouds
401,Key West,US,2022-01-31 21:15:11,24.5557,-81.7826,66.99,52,0,11.5,clear sky
402,Begoro,GH,2022-01-31 21:17:16,6.3871,-0.3774,71.69,31,100,4.18,overcast clouds
403,Pangnirtung,CA,2022-01-31 21:17:16,66.1451,-65.7125,-27.4,75,20,0.0,few clouds
404,Huarmey,PE,2022-01-31 21:15:49,-10.0681,-78.1522,74.59,76,100,10.02,overcast clouds
405,Surt,LY,2022-01-31 21:17:17,31.2089,16.5887,56.23,45,0,14.32,clear sky
406,Jambi,ID,2022-01-31 21:17:17,-1.6,103.6167,73.35,97,93,2.48,overcast clouds
407,Boyolangu,ID,2022-01-31 21:17:18,-8.1181,111.8935,74.55,91,100,3.78,overcast clouds
408,Puerto Baquerizo Moreno,EC,2022-01-31 21:17:18,-0.9,-89.6,81.59,65,75,10.36,broken clouds
409,Richards Bay,ZA,2022-01-31 21:18:19,-28.783,32.0377,75.99,80,12,9.93,few clouds
410,Ancud,CL,2022-01-31 21:18:19,-41.8697,-73.8203,63.43,66,2,10.78,clear sky
411,Sur,OM,2022-01-31 21:18:20,22.5667,59.5289,72.54,62,0,5.93,clear sky
412,Mogok,MM,2022-01-31 21:18:20,22.9167,96.5,48.0,66,0,2.26,clear sky
413,Sunrise Manor,US,2022-01-31 21:18:20,36.2111,-115.0731,65.35,16,0,0.0,clear sky
414,Kuntaur,GM,2022-01-31 21:18:21,13.6667,-14.8833,88.68,10,100,7.36,overcast clouds
415,Hirara,JP,2022-01-31 21:18:22,24.8,125.2833,65.07,63,100,14.32,overcast clouds
416,Talcahuano,CL,2022-01-31 21:18:22,-36.7167,-73.1167,69.48,49,0,14.97,clear sky
417,Brightwater,NZ,2022-01-31 21:18:22,-41.3833,173.1167,77.86,80,96,2.46,overcast clouds
418,Lorengau,PG,2022-01-31 21:18:23,-2.0226,147.2712,77.58,91,100,11.88,moderate rain
419,Puerto Carreno,CO,2022-01-31 21:18:23,6.189,-67.4859,94.98,34,40,9.22,scattered clouds
420,Saquarema,BR,2022-01-31 21:18:24,-22.92,-42.5103,80.64,88,100,5.08,overcast clouds
421,Port Hedland,AU,2022-01-31 21:18:24,-20.3167,118.5667,82.45,89,100,14.97,overcast clouds
422,Erzin,TR,2022-01-31 21:18:24,36.9559,36.2,43.52,85,100,3.65,overcast clouds
423,Lisala,CD,2022-01-31 21:18:25,2.15,21.5167,73.13,34,80,0.76,broken clouds
424,Vila Velha,BR,2022-01-31 21:18:25,-20.3297,-40.2925,79.95,92,75,1.99,broken clouds
425,Slidell,US,2022-01-31 21:18:26,30.2752,-89.7812,70.16,47,0,1.99,clear sky
426,Abha,SA,2022-01-31 21:18:26,18.2164,42.5053,55.65,58,0,9.22,clear sky
427,Santo Antonio Do Ica,BR,2022-01-31 21:18:26,-3.1022,-67.9397,83.48,70,100,2.77,overcast clouds
428,Miramar,US,2022-01-31 21:18:27,25.9873,-80.2323,70.02,52,75,9.22,broken clouds
429,Viljoenskroon,ZA,2022-01-31 21:18:27,-27.2084,26.9485,67.33,79,98,2.48,overcast clouds
430,Leogane,HT,2022-01-31 21:18:28,18.5108,-72.6339,79.0,68,42,6.91,scattered clouds
431,Isangel,VU,2022-01-31 21:18:28,-19.55,169.2667,80.71,94,100,5.75,moderate rain
432,Algiers,DZ,2022-01-31 21:18:27,36.7525,3.042,49.82,76,0,5.75,clear sky
433,Korla,CN,2022-01-31 21:18:29,41.7597,86.1469,23.22,54,71,3.09,broken clouds
434,Sabang,ID,2022-01-31 21:14:39,5.8933,95.3214,81.72,74,98,10.13,overcast clouds
435,Nanakuli,US,2022-01-31 21:18:29,21.3906,-158.1547,78.75,57,75,5.75,broken clouds
436,Ughelli,NG,2022-01-31 21:18:30,5.4899,6.0074,74.84,60,5,3.6,clear sky
437,Ahipara,NZ,2022-01-31 21:18:30,-35.1667,173.1667,68.9,92,100,14.54,light rain
438,Beringovskiy,RU,2022-01-31 21:18:31,63.05,179.3167,-2.85,91,99,16.82,overcast clouds
439,Keti Bandar,PK,2022-01-31 21:18:31,24.1447,67.4497,70.92,86,0,11.32,clear sky
440,Alofi,NU,2022-01-31 21:18:32,-19.0595,-169.9187,80.49,74,75,5.75,light intensity shower rain
441,Mahebourg,MU,2022-01-31 21:18:32,-20.4081,57.7,79.25,83,75,18.41,broken clouds
442,Mercedes,AR,2022-01-31 21:18:32,-34.6515,-59.4307,80.85,25,8,11.81,clear sky
443,Dzaoudzi,YT,2022-01-31 21:18:33,-12.7887,45.2699,80.49,89,0,5.75,clear sky
444,Grindavik,IS,2022-01-31 21:18:33,63.8424,-22.4338,41.47,81,75,27.63,broken clouds
445,Ukholovo,RU,2022-01-31 21:18:34,53.7929,40.4892,32.77,95,100,14.32,light snow
446,Soyo,AO,2022-01-31 21:18:34,-6.1349,12.3689,79.09,86,98,6.8,overcast clouds
447,Udomlya,RU,2022-01-31 21:18:34,57.8794,34.9925,23.14,97,100,4.9,overcast clouds
448,Stromness,GB,2022-01-31 21:17:18,58.965,-3.296,42.76,96,100,19.46,moderate rain
449,Marfino,RU,2022-01-31 21:18:35,55.7028,37.3822,31.95,97,100,4.47,snow
450,Soure,BR,2022-01-31 21:18:35,-0.7167,-48.5233,77.85,86,100,9.89,moderate rain
451,Mana,GF,2022-01-31 21:18:36,5.6592,-53.7767,79.3,77,96,9.71,overcast clouds
452,Coihaique,CL,2022-01-31 21:13:59,-45.5752,-72.0662,60.75,55,75,12.66,broken clouds
453,Seminole,US,2022-01-31 21:18:36,28.7086,-81.2081,71.38,36,0,1.99,clear sky
454,Milkovo,RU,2022-01-31 21:18:37,54.7167,158.6167,14.52,96,100,5.61,light snow
455,Vestmannaeyjar,IS,2022-01-31 21:19:37,63.4427,-20.2734,42.15,77,100,34.18,overcast clouds
456,Terra Boa,BR,2022-01-31 21:19:37,-23.7681,-52.4442,80.55,64,10,5.19,clear sky
457,Oranjestad,AW,2022-01-31 21:19:38,12.524,-70.027,82.35,65,75,13.8,broken clouds
458,Chimbote,PE,2022-01-31 21:19:38,-9.0853,-78.5783,75.09,73,56,11.07,broken clouds
459,Shetpe,KZ,2022-01-31 21:19:39,44.1667,52.1167,34.68,93,68,8.43,broken clouds
460,Lisakovsk,KZ,2022-01-31 21:19:39,52.5369,62.4936,17.78,96,100,7.27,overcast clouds
461,Camopi,GF,2022-01-31 21:19:40,3.1655,-52.3158,75.09,97,75,3.02,broken clouds
462,Bondo,CD,2022-01-31 21:19:40,3.8146,23.6866,71.87,35,97,1.3,overcast clouds
463,Xai-Xai,MZ,2022-01-31 21:19:41,-25.0519,33.6442,75.61,83,63,7.38,broken clouds
464,Pierre,US,2022-01-31 21:19:41,44.3683,-100.351,54.86,26,0,1.01,clear sky
465,Pozhva,RU,2022-01-31 21:19:41,59.0912,56.0847,4.28,100,93,2.84,overcast clouds
466,Jalu,LY,2022-01-31 21:19:42,29.0331,21.5482,55.92,62,62,7.96,broken clouds
467,Avera,US,2022-01-31 21:19:42,33.194,-82.5271,62.71,37,95,8.66,overcast clouds
468,Rehoboth,NA,2022-01-31 21:19:43,-23.3167,17.0833,71.74,67,99,9.46,light rain
469,Savannah Bight,HN,2022-01-31 21:19:43,16.45,-85.85,75.25,64,26,16.62,scattered clouds
470,Emirdag,TR,2022-01-31 21:19:43,39.0197,31.15,20.28,89,21,5.1,few clouds
471,Kimbe,PG,2022-01-31 21:19:44,-5.5502,150.1429,76.75,92,100,0.87,moderate rain
472,Lucapa,AO,2022-01-31 21:19:44,-8.4192,20.7447,66.36,95,100,1.66,light rain
473,Shelburne,CA,2022-01-31 21:19:44,44.0787,-80.2041,27.05,70,100,4.45,overcast clouds
474,Rusape,ZW,2022-01-31 21:19:45,-18.5278,32.1284,60.8,96,4,3.65,clear sky
475,Porto Velho,BR,2022-01-31 21:15:36,-8.7619,-63.9039,75.25,94,100,6.91,overcast clouds
476,Livingston,GB,2022-01-31 21:15:40,55.9029,-3.5226,44.67,87,75,13.8,broken clouds
477,Margate,GB,2022-01-31 21:19:46,51.3813,1.3862,40.95,73,54,1.01,broken clouds
478,Meulaboh,ID,2022-01-31 21:19:46,4.1363,96.1285,77.23,85,43,1.95,scattered clouds
479,Hasaki,JP,2022-01-31 21:19:46,35.7333,140.8333,30.6,42,59,10.16,broken clouds
480,Nouadhibou,MR,2022-01-31 21:19:47,20.931,-17.0347,67.98,73,100,14.97,overcast clouds
481,Bilma,NE,2022-01-31 21:19:47,18.6853,12.9164,58.3,18,0,5.17,clear sky
482,Ponta Pora,BR,2022-01-31 21:19:48,-22.5361,-55.7256,87.71,45,40,0.0,scattered clouds
483,Capao Da Canoa,BR,2022-01-31 21:19:48,-29.7456,-50.0097,76.03,75,26,3.29,scattered clouds
484,Pontianak,ID,2022-01-31 21:19:49,-0.0333,109.3333,71.58,100,100,1.14,fog
485,Humaita,BR,2022-01-31 21:19:49,-7.5061,-63.0208,80.58,90,73,0.29,broken clouds
486,Jinhua,CN,2022-01-31 21:19:49,29.1078,119.6547,40.12,91,100,3.53,light rain
487,Cao Bang,VN,2022-01-31 21:19:50,22.6667,106.25,49.12,92,100,0.94,overcast clouds
488,Camacha,PT,2022-01-31 21:19:50,33.0833,-16.3333,61.56,88,40,21.85,scattered clouds
489,Taua,BR,2022-01-31 21:19:50,-5.9667,-40.3,85.91,38,59,8.9,broken clouds
490,Kayerkan,RU,2022-01-31 21:19:51,69.3497,87.7602,-1.95,95,99,7.25,overcast clouds
491,Laguna,US,2022-01-31 21:19:51,38.421,-121.4238,65.44,57,0,4.0,clear sky
492,Saint George,US,2022-01-31 21:19:52,37.1041,-113.5841,64.87,19,0,1.99,clear sky
493,Yucca Valley,US,2022-01-31 21:19:52,34.1142,-116.4322,64.2,14,100,1.99,overcast clouds
494,Isilkul,RU,2022-01-31 21:19:52,54.9109,71.2728,23.47,96,100,11.52,light snow
495,Hobyo,SO,2022-01-31 21:19:53,5.3505,48.5268,77.83,81,78,15.03,broken clouds
496,Liverpool,GB,2022-01-31 21:16:03,53.4106,-2.9779,46.69,89,75,8.99,light intensity drizzle
497,Saint-Georges,GD,2022-01-31 21:19:17,12.0564,-61.7485,82.08,78,20,16.11,few clouds
498,Lakes Entrance,AU,2022-01-31 21:19:54,-37.8811,147.981,72.57,76,0,6.2,clear sky
499,Zapolyarnyy,RU,2022-01-31 21:19:54,69.4154,30.8136,-6.52,92,19,5.03,few clouds
500,Mangrol,IN,2022-01-31 21:19:55,21.1167,70.1167,69.8,79,0,10.04,clear sky
501,Dargaville,NZ,2022-01-31 21:19:55,-35.9333,173.8833,72.03,74,100,13.71,overcast clouds
502,Iberia,US,2022-01-31 21:19:55,29.9502,-91.7507,70.11,49,100,18.41,overcast clouds
503,Ho Chi Minh City,VN,2022-01-31 21:19:56,10.75,106.6667,77.02,83,40,6.91,scattered clouds
504,Mahina,PF,2022-01-31 21:20:56,-17.5065,-149.489,83.75,66,10,22.39,clear sky
505,Paita,PE,2022-01-31 21:20:57,-5.0892,-81.1144,86.56,70,100,13.67,overcast clouds
506,Talnakh,RU,2022-01-31 21:20:57,69.4865,88.3972,-1.95,95,100,8.81,overcast clouds
507,Sao Filipe,CV,2022-01-31 21:20:58,14.8961,-24.4956,73.42,75,100,4.16,overcast clouds
508,Mwinilunga,ZM,2022-01-31 21:20:58,-11.7358,24.4293,61.21,97,87,4.12,overcast clouds
509,Manoel Urbano,BR,2022-01-31 21:20:59,-8.8389,-69.2597,81.75,76,99,1.92,overcast clouds
510,Pokhvistnevo,RU,2022-01-31 21:20:59,53.6524,52.1274,30.65,91,100,16.13,light snow
511,Lima,PE,2022-01-31 21:16:44,-12.0432,-77.0282,77.4,84,0,3.0,clear sky
512,Chipinge,ZW,2022-01-31 21:20:59,-20.1883,32.6236,62.17,84,2,4.03,clear sky
513,Leshukonskoye,RU,2022-01-31 21:21:00,64.8989,45.7622,4.28,97,100,3.71,overcast clouds
514,Kalachinsk,RU,2022-01-31 21:21:00,55.0529,74.5751,22.01,95,100,11.27,overcast clouds
515,Antsohihy,MG,2022-01-31 21:21:01,-14.8796,47.9875,76.19,88,59,2.28,broken clouds
516,Seoul,KR,2022-01-31 21:16:30,37.5683,126.9778,29.68,93,100,5.75,light snow
517,Amazar,RU,2022-01-31 21:21:01,53.858,120.875,-6.36,93,99,3.85,overcast clouds
518,Vestmanna,FO,2022-01-31 21:21:02,62.1564,-7.1664,40.12,93,100,9.22,overcast clouds
519,Igarka,RU,2022-01-31 21:21:02,67.4667,86.5833,2.64,95,100,14.12,light snow
520,Nyurba,RU,2022-01-31 21:21:03,63.2842,118.3319,-32.21,100,97,2.3,overcast clouds
521,Doctor Arroyo,MX,2022-01-31 21:21:03,23.6667,-100.1833,70.77,12,17,14.36,few clouds
522,Cabra,ES,2022-01-31 21:21:03,37.4725,-4.4421,51.91,44,0,1.3,clear sky
523,Shimoda,JP,2022-01-31 21:21:04,34.6667,138.95,42.24,70,38,9.15,scattered clouds
524,Southbridge,US,2022-01-31 21:21:04,42.0751,-72.0334,30.38,40,87,1.01,snow
525,Pafos,CY,2022-01-31 21:21:04,34.7667,32.4167,46.31,87,0,5.75,clear sky
526,Lasa,IT,2022-01-31 21:21:05,46.6166,10.7002,39.11,94,97,7.81,light snow
527,Mahibadhoo,MV,2022-01-31 21:21:05,3.7833,72.9667,82.47,78,8,13.82,clear sky
528,Paranagua,BR,2022-01-31 21:21:06,-25.52,-48.5092,91.09,76,24,4.68,few clouds
529,Port Keats,AU,2022-01-31 21:21:06,-14.25,129.55,80.67,83,52,23.89,moderate rain
530,Opelika,US,2022-01-31 21:21:06,32.6454,-85.3783,64.65,25,0,9.22,clear sky
531,Marshall,US,2022-01-31 21:21:07,34.3834,-86.3333,62.31,30,0,3.0,clear sky
532,Dwarka,IN,2022-01-31 21:21:07,22.2394,68.9678,71.53,83,0,8.75,clear sky
533,Khandyga,RU,2022-01-31 21:21:08,62.6667,135.6,-33.56,100,87,2.06,overcast clouds
534,Huanren,CN,2022-01-31 21:21:08,41.2647,125.3667,16.2,96,98,4.29,light snow
535,Lhokseumawe,ID,2022-01-31 21:21:09,5.1801,97.1507,76.35,84,100,2.93,overcast clouds
536,Zaragoza,ES,2022-01-31 21:18:29,41.6561,-0.8773,50.14,64,20,11.99,few clouds
537,Canyon,US,2022-01-31 21:21:09,34.9803,-101.9188,68.52,22,2,13.85,clear sky
538,Inhambane,MZ,2022-01-31 21:21:10,-23.865,35.3833,76.84,81,36,9.33,scattered clouds
539,Pizarro,CO,2022-01-31 21:21:10,4.9533,-77.366,79.88,77,85,5.64,overcast clouds
540,Guaraniacu,BR,2022-01-31 21:18:52,-25.1008,-52.8781,79.66,51,38,1.32,scattered clouds
541,Mitu,CO,2022-01-31 21:21:11,1.1983,-70.1733,87.73,45,99,1.41,overcast clouds
542,Mogadishu,SO,2022-01-31 21:21:11,2.0371,45.3438,77.54,85,33,18.3,scattered clouds
543,Abu Zabad,SD,2022-01-31 21:21:12,12.35,29.25,61.3,19,53,14.56,broken clouds
544,Cap Malheureux,MU,2022-01-31 21:21:12,-19.9842,57.6142,79.47,71,29,11.99,scattered clouds
545,Mount Gambier,AU,2022-01-31 21:21:13,-37.8333,140.7667,61.97,66,99,11.83,overcast clouds
546,Araguaina,BR,2022-01-31 21:19:00,-7.1911,-48.2072,77.29,89,89,3.85,overcast clouds
547,Cidreira,BR,2022-01-31 21:21:13,-30.1811,-50.2056,77.32,73,46,7.65,scattered clouds
548,Kilcock,IE,2022-01-31 21:21:14,53.4022,-6.6708,48.33,86,75,21.85,broken clouds
549,Adamas,GR,2022-01-31 21:21:14,36.7333,24.4333,55.81,62,59,20.92,broken clouds
550,Tame,CO,2022-01-31 21:21:15,6.461,-71.73,93.0,27,79,7.94,broken clouds
551,Komsomolskiy,UZ,2022-01-31 21:20:19,40.4272,71.7189,29.62,86,100,6.91,mist
552,Kamal,ID,2022-01-31 21:22:15,-7.1678,112.7192,78.69,91,100,5.35,overcast clouds
553,Abu Samrah,SY,2022-01-31 21:22:16,35.3029,37.1841,42.96,85,82,2.66,broken clouds
554,Ambon,ID,2022-01-31 21:22:16,-3.6954,128.1814,80.74,78,40,8.05,scattered clouds
555,Bandarbeyla,SO,2022-01-31 21:22:17,9.4942,50.8122,76.69,77,38,15.68,scattered clouds
556,Torbay,CA,2022-01-31 21:21:59,47.6666,-52.7314,33.58,74,75,14.97,broken clouds
557,Zhoucheng,CN,2022-01-31 21:22:17,35.9122,116.3117,26.35,33,56,5.06,broken clouds
558,Mahbubabad,IN,2022-01-31 21:22:17,17.6167,80.0167,63.54,34,6,3.51,clear sky
559,La Palma,US,2022-01-31 21:22:18,33.8464,-118.0467,68.22,65,75,3.0,broken clouds
560,Pau Dos Ferros,BR,2022-01-31 21:22:18,-6.1125,-38.2063,84.7,45,7,4.23,clear sky
561,Suez,EG,2022-01-31 21:22:19,29.9737,32.5263,52.88,76,6,4.94,clear sky
562,Semirom,IR,2022-01-31 21:22:19,31.4167,51.5667,28.36,97,100,3.18,snow
563,High Level,CA,2022-01-31 21:22:20,58.5169,-117.136,-2.09,71,100,9.22,light snow
564,Jaciara,BR,2022-01-31 21:22:20,-15.9653,-54.9683,71.24,93,100,6.31,moderate rain
565,San Francisco,US,2022-01-31 21:19:22,37.7749,-122.4194,64.29,66,75,1.99,broken clouds
566,Vardo,NO,2022-01-31 21:22:21,70.3705,31.1107,15.78,92,0,19.57,clear sky
567,Trinidad,BO,2022-01-31 21:22:21,-14.8333,-64.9,85.98,66,75,9.22,broken clouds
568,Longyan,CN,2022-01-31 21:22:22,25.1072,117.0225,46.22,98,100,3.42,light rain
569,Yamoussoukro,CI,2022-01-31 21:22:22,6.8206,-5.2767,77.86,31,59,0.0,haze
570,Chapleau,CA,2022-01-31 21:22:23,47.8405,-83.4034,19.49,79,100,9.22,overcast clouds
571,Krasnoselkup,RU,2022-01-31 21:22:23,65.7,82.4667,10.02,95,100,9.75,light snow
572,Joyabaj,GT,2022-01-31 21:22:24,14.995,-90.8061,77.85,53,69,3.6,broken clouds
573,Fort Nelson,CA,2022-01-31 21:22:24,58.8053,-122.7002,-0.81,78,75,5.75,light snow
574,Guerrero Negro,MX,2022-01-31 21:20:03,27.9769,-114.0611,68.58,41,2,10.74,clear sky
575,Waingapu,ID,2022-01-31 21:22:24,-9.6567,120.2641,77.88,85,89,11.79,overcast clouds
576,Villazon,BO,2022-01-31 21:22:25,-22.0866,-65.5942,52.77,68,95,16.31,overcast clouds
577,San Gabriel,US,2022-01-31 21:22:25,34.0961,-118.1058,68.18,43,0,0.0,clear sky
578,Tutoia,BR,2022-01-31 21:18:50,-2.7619,-42.2744,85.98,81,8,11.88,clear sky
579,Wenceslau Braz,BR,2022-01-31 21:22:26,-23.8739,-49.8028,71.04,89,80,5.21,broken clouds
580,Zelenoborskiy,RU,2022-01-31 21:22:26,66.845,32.3622,-2.78,99,97,3.44,overcast clouds
581,Araouane,ML,2022-01-31 21:21:09,18.9048,-3.5265,73.49,12,46,12.26,scattered clouds
582,Egvekinot,RU,2022-01-31 21:22:27,66.3167,-179.1667,-0.54,74,84,11.39,broken clouds
583,Wesselsbron,ZA,2022-01-31 21:22:27,-27.8549,26.3658,67.68,81,99,7.58,overcast clouds
584,Pop,UZ,2022-01-31 21:22:28,40.8736,71.1089,30.69,49,77,4.45,broken clouds
585,Hualmay,PE,2022-01-31 21:22:28,-11.0964,-77.6139,74.53,73,100,10.11,overcast clouds
586,Owando,CG,2022-01-31 21:22:29,-0.4819,15.8999,78.31,29,41,1.28,scattered clouds
587,Port-Gentil,GA,2022-01-31 21:22:29,-0.7193,8.7815,80.33,81,30,10.76,light rain
588,Anloga,GH,2022-01-31 21:22:30,5.7947,0.8973,80.82,67,75,8.79,broken clouds
589,Caernarfon,GB,2022-01-31 21:22:30,53.1413,-4.2702,46.67,48,100,12.66,overcast clouds
590,Porbandar,IN,2022-01-31 21:22:30,21.6422,69.6093,70.43,80,0,7.25,clear sky
591,Mehamn,NO,2022-01-31 21:22:31,71.0357,27.8492,24.98,91,100,9.86,overcast clouds
592,Dergachi,RU,2022-01-31 21:22:31,51.2328,48.7659,30.22,90,98,19.73,snow
593,Havelock,US,2022-01-31 21:22:32,34.8791,-76.9013,56.05,44,100,3.0,overcast clouds
594,Tocache,PE,2022-01-31 21:22:32,-8.1842,-76.5125,84.15,65,98,1.05,overcast clouds
595,Djambala,CG,2022-01-31 21:22:32,-2.5447,14.7533,76.01,61,72,2.62,light rain
596,Shubarshi,KZ,2022-01-31 21:22:33,48.5872,57.1869,18.32,94,100,7.2,overcast clouds
597,Abu Road,IN,2022-01-31 21:22:33,24.4833,72.7833,62.22,73,0,1.63,clear sky
598,Sterling,US,2022-01-31 21:23:34,39.0062,-77.4286,39.02,54,75,1.01,broken clouds
599,Miraflores,MX,2022-01-31 21:23:34,19.2167,-98.8083,74.03,29,8,4.45,clear sky
600,Alta Floresta,BR,2022-01-31 21:23:35,-9.8756,-56.0861,75.52,95,75,2.53,light rain
601,Biak,ID,2022-01-31 21:23:35,-0.9131,122.8766,75.69,81,70,4.72,broken clouds
602,Rio Verde De Mato Grosso,BR,2022-01-31 21:23:16,-18.9181,-54.8442,74.26,91,100,7.27,moderate rain
603,Port Augusta,AU,2022-01-31 21:23:35,-32.5,137.7667,70.7,79,100,16.89,moderate rain
604,Tabuk,PH,2022-01-31 21:23:36,17.4189,121.4443,68.29,96,98,2.95,overcast clouds
605,Segou,ML,2022-01-31 21:23:36,13.4317,-6.2157,81.09,12,71,9.06,broken clouds
606,Ustyuzhna,RU,2022-01-31 21:23:37,58.8394,36.4321,21.31,96,99,7.87,light snow
607,Amahai,ID,2022-01-31 21:23:37,-3.3333,128.9167,78.8,79,98,9.89,overcast clouds
608,Telde,ES,2022-01-31 21:23:37,27.9924,-15.4192,67.05,52,100,5.75,overcast clouds
609,Corby,GB,2022-01-31 21:23:38,52.4964,-0.6894,43.43,86,75,11.5,broken clouds
610,Grand Gaube,MU,2022-01-31 21:23:38,-20.0064,57.6608,79.38,71,25,11.99,scattered clouds
611,Greve Strand,DK,2022-01-31 21:23:39,55.5834,12.2999,33.01,85,75,3.44,broken clouds
612,Ponnani,IN,2022-01-31 21:23:39,10.767,75.9252,79.92,83,2,4.97,clear sky
613,Lithakia,GR,2022-01-31 21:23:39,37.7167,20.8333,49.59,84,100,19.24,overcast clouds
614,Half Moon Bay,US,2022-01-31 21:23:40,37.4636,-122.4286,63.41,75,20,1.99,mist
615,Ipixuna,BR,2022-01-31 21:23:40,-1.7625,-48.8043,80.55,82,100,3.06,light rain
616,Bambanglipuro,ID,2022-01-31 21:23:41,-7.95,110.2833,61.61,90,100,3.24,overcast clouds
617,Xiaoweizhai,CN,2022-01-31 21:23:41,26.1903,107.5125,33.53,96,100,3.91,light snow
618,Boca Do Acre,BR,2022-01-31 21:23:41,-8.7522,-67.3978,81.54,79,88,2.37,moderate rain
619,Zaranj,AF,2022-01-31 21:23:42,30.9667,61.8833,44.56,38,3,3.65,clear sky
620,Aklavik,CA,2022-01-31 21:23:42,68.2191,-135.0107,3.2,78,75,13.8,broken clouds
621,Hay River,CA,2022-01-31 21:21:54,60.8156,-115.7999,-4.02,71,75,9.22,broken clouds
622,Touros,BR,2022-01-31 21:23:43,-5.1989,-35.4608,83.3,74,33,14.07,scattered clouds
623,Champasak,LA,2022-01-31 21:23:43,14.75,106.0,70.86,80,6,1.97,clear sky
624,Bandarban,BD,2022-01-31 21:22:07,22.1965,92.2262,51.91,74,28,2.8,scattered clouds
625,Rabo De Peixe,PT,2022-01-31 21:23:44,37.8,-25.5833,59.27,94,20,8.05,few clouds
626,San Cristobal,VE,2022-01-31 21:23:44,7.7669,-72.225,78.98,46,84,3.74,broken clouds
627,Satkhira,BD,2022-01-31 21:20:08,22.7167,89.1,64.4,76,86,4.94,overcast clouds
628,Hastings,GB,2022-01-31 21:23:45,50.8552,0.5729,42.76,82,35,14.25,scattered clouds
629,Tuy Hoa,VN,2022-01-31 21:23:46,13.0833,109.3,73.54,91,42,5.93,scattered clouds
630,San Jeronimo,PE,2022-01-31 21:23:46,-11.9472,-75.2829,60.04,60,93,1.7,overcast clouds
631,Berezovyy,RU,2022-01-31 21:23:47,51.6667,135.7,-1.17,97,99,2.75,overcast clouds
632,Natal,BR,2022-01-31 21:18:57,-5.795,-35.2094,83.05,78,40,11.5,scattered clouds
633,Kimberley,ZA,2022-01-31 21:23:48,-28.7323,24.7623,65.89,100,100,3.44,overcast clouds
634,Lavrentiya,RU,2022-01-31 21:23:48,65.5833,-171.0,-1.77,84,52,11.25,broken clouds
635,Zhovkva,UA,2022-01-31 21:23:48,50.0583,23.9726,31.21,97,100,6.62,light snow
636,Kaura Namoda,NG,2022-01-31 21:23:49,12.5898,6.5779,66.15,14,0,10.18,clear sky
637,Nha Trang,VN,2022-01-31 21:23:49,12.25,109.1833,75.2,92,27,4.94,scattered clouds
638,Kaseda,JP,2022-01-31 21:23:50,31.4167,130.3167,38.43,66,71,10.74,broken clouds
639,Opuwo,NA,2022-01-31 21:23:50,-18.0607,13.84,68.58,54,100,10.67,overcast clouds
640,Husavik,IS,2022-01-31 21:20:13,66.0449,-17.3389,21.11,93,100,5.88,light snow
641,Lagos,NG,2022-01-31 21:23:50,6.5833,3.75,82.72,79,5,2.1,clear sky
642,Makokou,GA,2022-01-31 21:23:51,0.5738,12.8642,78.08,55,99,2.39,overcast clouds
643,Gao,ML,2022-01-31 21:23:51,16.6362,1.637,66.83,11,1,13.49,clear sky
644,Konevo,RU,2022-01-31 21:24:52,62.1215,39.3192,9.52,97,100,6.26,overcast clouds
645,Kannabe,JP,2022-01-31 21:24:52,34.5333,133.3833,33.39,64,31,2.93,scattered clouds
646,Inirida,CO,2022-01-31 21:24:52,3.8653,-67.9239,92.91,34,76,1.52,broken clouds
647,Mbinga,TZ,2022-01-31 21:24:53,-10.9333,35.0167,61.18,97,29,1.59,light rain
648,Boende,CD,2022-01-31 21:24:53,-0.2167,20.8667,74.68,43,99,3.13,overcast clouds
649,Henties Bay,NA,2022-01-31 21:24:54,-22.116,14.2845,69.85,81,100,2.17,overcast clouds
650,Mairipora,BR,2022-01-31 21:24:54,-23.3186,-46.5867,74.08,94,100,4.61,light rain
651,Grand-Santi,GF,2022-01-31 21:24:55,4.25,-54.3833,76.64,91,100,4.12,overcast clouds
652,Stefanesti,RO,2022-01-31 21:24:55,44.8667,24.9333,35.47,65,100,0.6,overcast clouds
653,Novopokrovka,UA,2022-01-31 21:24:55,49.8425,36.5477,30.58,93,100,13.24,snow
654,Calama,CL,2022-01-31 21:24:56,-22.4667,-68.9333,68.49,24,1,24.16,clear sky
655,Hede,CN,2022-01-31 21:24:56,33.7681,120.2517,30.72,48,100,6.91,overcast clouds
656,Green Valley,US,2022-01-31 21:24:57,31.8543,-110.9937,71.08,24,48,7.81,scattered clouds
657,Kampene,CD,2022-01-31 21:24:57,-3.6,26.6667,67.68,93,100,2.17,overcast clouds
658,Gamboma,CG,2022-01-31 21:24:57,-1.8764,15.8644,81.36,47,63,1.01,broken clouds
659,Loviisa,FI,2022-01-31 21:24:58,60.4566,26.2251,20.44,92,100,10.04,overcast clouds
660,Amuntai,ID,2022-01-31 21:24:09,-2.4177,115.2494,73.0,96,100,1.7,overcast clouds
661,Tual,ID,2022-01-31 21:24:58,-5.6667,132.75,83.84,76,100,21.39,moderate rain
662,Potsdam,DE,2022-01-31 21:24:59,52.3989,13.0657,37.06,88,51,3.0,broken clouds
663,Romitan,UZ,2022-01-31 21:24:59,39.9343,64.3814,33.75,93,0,2.3,clear sky
664,Puerto Leguizamo,CO,2022-01-31 21:25:00,-0.1934,-74.7819,90.95,33,100,2.91,overcast clouds
665,Tevaitoa,PF,2022-01-31 21:25:00,-16.7833,-151.5,81.01,71,2,18.81,clear sky
666,Arman,RU,2022-01-31 21:25:00,59.7,150.1667,0.46,78,79,14.09,broken clouds
667,Atambua,ID,2022-01-31 21:25:01,-9.1061,124.8925,73.98,86,97,10.27,overcast clouds
668,Copiapo,CL,2022-01-31 21:25:01,-27.3667,-70.3333,71.29,41,0,9.98,clear sky
669,Manaus,BR,2022-01-31 21:25:02,-3.1019,-60.025,86.5,74,40,4.61,scattered clouds
670,Freeport,US,2022-01-31 21:25:02,40.6576,-73.5832,32.25,48,0,3.0,clear sky
671,Semey,KZ,2022-01-31 21:25:03,50.4111,80.2275,3.38,96,23,5.01,few clouds
672,Timmins,CA,2022-01-31 21:25:03,48.4669,-81.3331,13.82,62,75,8.05,broken clouds
673,Barguzin,RU,2022-01-31 21:25:04,53.6167,109.6167,-13.7,96,92,2.39,overcast clouds
674,Micheweni,TZ,2022-01-31 21:25:04,-4.9667,39.8333,79.0,77,31,8.14,scattered clouds
675,Madingou,CG,2022-01-31 21:25:05,-4.1536,13.55,74.32,91,72,1.54,light rain
676,Campbell River,CA,2022-01-31 21:25:05,50.0163,-125.2446,43.18,65,20,3.44,few clouds
677,Ternate,ID,2022-01-31 21:25:06,0.8,127.4,79.16,80,100,4.68,overcast clouds
678,Qandala,SO,2022-01-31 21:25:06,11.472,49.8728,76.39,83,40,8.08,light rain
679,Akdepe,TM,2022-01-31 21:25:06,42.0551,59.3788,28.49,76,11,10.31,few clouds
680,Moose Jaw,CA,2022-01-31 21:25:07,50.4001,-105.5344,34.05,80,100,37.98,overcast clouds
681,Santa Barbara,US,2022-01-31 21:25:07,34.7333,-120.0343,57.4,41,0,0.0,clear sky
682,Teguldet,RU,2022-01-31 21:25:08,57.3064,88.1667,-6.11,98,63,2.98,broken clouds
683,Yecla,ES,2022-01-31 21:25:08,38.6137,-1.1147,55.62,43,2,20.56,clear sky
684,Verkhoshizhemye,RU,2022-01-31 21:25:09,58.011,49.1038,20.34,94,100,10.49,snow
